,Round Number,Round Pick,Name,Team,Overall Pick
0,1,1,Shohei Ohtani,LAD,1
1,1,2,Aaron Judge,NYY,2
2,1,3,Bobby Witt Jr.,KC,3
3,1,4,Juan Soto,NYM,4
4,1,5,Jose Ramirez,CLE,5
5,1,6,Ronald Acuna Jr.,ATL,6
6,1,7,Tarik Skubal,DET,7
7,1,8,Julio Rodriguez,SEA,8
8,1,9,Elly De La Cruz,CIN,9
9,1,10,Paul Skenes,PIT,10
10,1,11,Garrett Crochet,BOS,11
11,1,12,Kyle Tucker,LAD,12
12,1,13,Gunnar Henderson,BAL,13
13,1,14,Corbin Carroll,ARZ,14
14,1,15,Vladimir Guerrero Jr.,TOR,15
15,2,1,Cal Raleigh,SEA,16
16,2,2,Junior Caminero,TB,17
17,2,3,Fernando Tatis Jr.,SD,18
18,2,4,Francisco Lindor,NYM,19
19,2,5,Jackson Chourio,MLW,20
20,2,6,Pete Alonso,BAL,21
21,2,7,Kyle Schwarber,PHI,22
22,2,8,Jazz Chisholm Jr.,NYY,23
23,2,9,Nick Kurtz,ATH,24
24,2,10,Cristopher Sanchez,PHI,25
25,2,11,Trea Turner,PHI,26
26,2,12,Zach Neto,LAA,27
27,2,13,Ketel Marte,ARZ,28
28,2,14,Yoshinobu Yamamoto,LAD,29
29,2,15,Hunter Brown,HOU,30
30,3,1,Edwin Diaz,LAD,31
31,3,2,James Wood,WAS,32
32,3,3,Bryan Woo,SEA,33
33,3,4,Logan Gilbert,SEA,34
34,3,5,Mason Miller,SD,35
35,3,6,Andres Munoz,SEA,36
36,3,7,Pete Crow-Armstrong,CHC,37
37,3,8,Chris Sale,ATL,38
38,3,9,Manny Machado,SD,39
39,3,10,Yordan Alvarez,HOU,40
40,3,11,Brent Rooker,ATH,41
41,3,12,Jhoan Duran,PHI,42
42,3,13,Jacob deGrom,TEX,43
43,3,14,Bryce Harper,PHI,44
44,3,15,Cade Smith,CLE,45
45,4,1,CJ Abrams,WAS,46
46,4,2,Aroldis Chapman,BOS,47
47,4,3,Maikel Garcia,KC,48
48,4,4,Max Fried,NYY,49
49,4,5,Wyatt Langford,TEX,50
50,4,6,Hunter Greene,CIN,51
51,4,7,Roman Anthony,BOS,52
52,4,8,David Bednar,NYY,53
53,4,9,Logan Webb,SF,54
54,4,10,Freddy Peralta,NYM,55
55,4,11,Jarren Duran,BOS,56
56,4,12,Devin Williams,NYM,57
57,4,13,Matt Olson,ATL,58
58,4,14,Cole Ragans,KC,59
59,4,15,Shea Langeliers,ATH,60
60,5,1,Josh Naylor,SEA,61
61,5,2,Rafael Devers,SF,62
62,5,3,William Contreras,MLW,63
63,5,4,Austin Riley,ATL,64
64,5,5,Mookie Betts,LAD,65
65,5,6,Jackson Merrill,SD,66
66,5,7,Josh Hader,HOU,67
67,5,8,Freddie Freeman,LAD,68
68,5,9,Brice Turang,MLW,69
69,5,10,Byron Buxton,MIN,70
70,5,11,George Kirby,SEA,71
71,5,12,Ben Rice,NYY,72
72,5,13,Vinnie Pasquantino,KC,73
73,5,14,Framber Valdez,DET,74
74,5,15,Eugenio Suarez,CIN,75
75,6,1,Jesus Luzardo,PHI,76
76,6,2,Kyle Bradish,BAL,77
77,6,3,Cody Bellinger,NYY,78
78,6,4,Riley Greene,DET,79
79,6,5,Hunter Goodman,COL,80
80,6,6,Oneil Cruz,PIT,81
81,6,7,Agustin Ramirez,MIA,82
82,6,8,Seiya Suzuki,CHC,83
83,6,9,Geraldo Perdomo,ARZ,84
84,6,10,Tyler Soderstrom,ATH,85
85,6,11,Nolan McLean,NYM,86
86,6,12,Joe Ryan,MIN,87
87,6,13,Eury Perez,MIA,88
88,6,14,Salvador Perez,KC,89
89,6,15,Nick Pivetta,SD,90
90,7,1,George Springer,TOR,91
91,7,2,Carlos Estevez,KC,92
92,7,3,Raisel Iglesias,ATL,93
93,7,4,Drake Baldwin,ATL,94
94,7,5,Ryan Helsley,BAL,95
95,7,6,Michael Harris II,ATL,96
96,7,7,Bo Bichette,NYM,97
97,7,8,Will Smith,LAD,98
98,7,9,Michael Busch,CHC,99
99,7,10,Dylan Cease,TOR,100
100,7,11,Daniel Palencia,CHC,101
101,7,12,Randy Arozarena,SEA,102
102,7,13,Jeff Hoffman,TOR,103
103,7,14,Trevor Story,BOS,104
104,7,15,Jeremy Pena,HOU,105
105,8,1,Nico Hoerner,CHC,106
106,8,2,Alex Bregman,CHC,107
107,8,3,Corey Seager,TEX,108
108,8,4,Jose Altuve,HOU,109
109,8,5,Yainer Diaz,HOU,110
110,8,6,Trevor Megill,MLW,111
111,8,7,Pete Fairbanks,MIA,112
112,8,8,Kenley Jansen,DET,113
113,8,9,Teoscar Hernandez,LAD,114
114,8,10,Ceddanne Rafaela,BOS,115
115,8,11,Christian Yelich,MLW,116
116,8,12,Chase Burns,CIN,117
117,8,13,Bubba Chandler,PIT,118
118,8,14,Spencer Strider,ATL,119
119,8,15,Tyler Glasnow,LAD,120
120,9,1,Luis Robert Jr.,NYM,121
121,9,2,Willy Adames,SF,122
122,9,3,Noelvi Marte,CIN,123
123,9,4,Andy Pages,LAD,124
124,9,5,Ian Happ,CHC,125
125,9,6,Michael King,SD,126
126,9,7,Kevin Gausman,TOR,127
127,9,8,Dansby Swanson,CHC,128
128,9,9,Jacob Misiorowski,MLW,129
129,9,10,Adley Rutschman,BAL,130
130,9,11,Yandy Diaz,TB,131
131,9,12,Brandon Woodruff,MLW,132
132,9,13,Jo Adell,LAA,133
133,9,14,Emilio Pagan,CIN,134
134,9,15,Brandon Nimmo,TEX,135
135,10,1,Emmet Sheehan,LAD,136
136,10,2,Zack Wheeler,PHI,137
137,10,3,Sonny Gray,BOS,138
138,10,4,Nick Lodolo,CIN,139
139,10,5,Nathan Eovaldi,TEX,140
140,10,6,Brenton Doyle,COL,141
141,10,7,Cam Schlittler,NYY,142
142,10,8,Ryan Pepiot,TB,143
143,10,9,Trey Yesavage,TOR,144
144,10,10,Dennis Santana,PIT,145
145,10,11,Drew Rasmussen,TB,146
146,10,12,Ryan Walker,SF,147
147,10,13,Kyle Stowers,MIA,148
148,10,14,Luke Keaschall,MIN,149
149,10,15,Gavin Williams,CLE,150
150,11,1,Jakob Marsee,MIA,151
151,11,2,Robbie Ray,SF,152
152,11,3,Chandler Simpson,TB,153
153,11,4,Dylan Crews,WAS,154
154,11,5,Taylor Ward,BAL,155
155,11,6,Ozzie Albies,ATL,156
156,11,7,Blake Snell,LAD,157
157,11,8,Tatsuya Imai,HOU,158
158,11,9,Abner Uribe,MLW,159
159,11,10,Shota Imanaga,CHC,160
160,11,11,Griffin Jax,TB,161
161,11,12,Luis Castillo,SEA,162
162,11,13,Steven Kwan,CLE,163
163,11,14,Sandy Alcantara,MIA,164
164,11,15,MacKenzie Gore,TEX,165
165,12,1,Alec Burleson,STL,166
166,12,2,Addison Barger,TOR,167
167,12,3,Ranger Suarez,BOS,168
168,12,4,Ivan Herrera,STL,169
169,12,5,Trevor Rogers,BAL,170
170,12,6,Konnor Griffin,PIT,171
171,12,7,Francisco Alvarez,NYM,172
172,12,8,Shane Baz,BAL,173
173,12,9,Alejandro Kirk,TOR,174
174,12,10,Lawrence Butler,ATH,175
175,12,11,Tanner Bibee,CLE,176
176,12,12,Kyle Teel,CWS,177
177,12,13,Jonathan Aranda,TB,178
178,12,14,Robert Suarez,ATL,179
179,12,15,Cade Horton,CHC,180
180,13,1,Brandon Lowe,PIT,181
181,13,2,Jacob Wilson,ATH,182
182,13,3,Carter Jensen,KC,183
183,13,4,Edward Cabrera,CHC,184
184,13,5,Sal Stewart,CIN,185
185,13,6,Gabriel Moreno,ARZ,186
186,13,7,Munetaka Murakami,CWS,187
187,13,8,Bryan Reynolds,PIT,188
188,13,9,Jac Caglianone,KC,189
189,13,10,Jackson Holliday,BAL,190
190,13,11,Matt Chapman,SF,191
191,13,12,JJ Wetherholt,STL,192
192,13,13,Samuel Basallo,BAL,193
193,13,14,Matt McLain,CIN,194
194,13,15,Andrew Abbott,CIN,195
195,14,1,Bryan Abreu,HOU,196
196,14,2,Logan O`Hoppe,LAA,197
197,14,3,Jack Flaherty,DET,198
198,14,4,Kazuma Okamoto,TOR,199
199,14,5,Bryson Stott,PHI,200
200,14,6,Royce Lewis,MIN,201
201,14,7,Seranthony Dominguez,CWS,202
202,14,8,Xavier Edwards,MIA,203
203,14,9,Austin Wells,NYY,204
204,14,10,Spencer Torkelson,DET,205
205,14,11,Jose Caballero,NYY,206
206,14,12,Willson Contreras,BOS,207
207,14,13,Daylen Lile,WAS,208
208,14,14,Isaac Paredes,HOU,209
209,14,15,Shane McClanahan,TB,210
210,15,1,Mike Trout,LAA,211
211,15,2,Ramon Laureano,SD,212
212,15,3,Sal Frelick,MLW,213
213,15,4,Heliot Ramos,SF,214
214,15,5,Wilyer Abreu,BOS,215
215,15,6,Jordan Beck,COL,216
216,15,7,Adolis Garcia,PHI,217
217,15,8,Matthew Boyd,CHC,218
218,15,9,Ezequiel Tovar,COL,219
219,15,10,J.T. Realmuto,PHI,220
220,15,11,Otto Lopez,MIA,221
221,15,12,Christian Walker,HOU,222
222,15,13,Gleyber Torres,DET,223
223,15,14,Colson Montgomery,CWS,224
224,15,15,Daulton Varsho,TOR,225
225,16,1,Zac Gallen,ARZ,226
226,16,2,Spencer Steer,CIN,227
227,16,3,Aaron Nola,PHI,228
228,16,4,Joe Musgrove,SD,229
229,16,5,Kris Bubic,KC,230
230,16,6,Robert Garcia,TEX,231
231,16,7,TJ Friedl,CIN,232
232,16,8,Carlos Rodon,NYY,233
233,16,9,Luis Garcia Jr.,WAS,234
234,16,10,Masyn Winn,STL,235
235,16,11,Jorge Polanco,NYM,236
236,16,12,Marcus Semien,NYM,237
237,16,13,Joey Cantillo,CLE,238
238,16,14,Mickey Moniak,COL,239
239,16,15,Xander Bogaerts,SD,240
240,17,1,Kevin McGonigle,DET,241
241,17,2,Colton Cowser,BAL,242
242,17,3,Noah Cameron,KC,243
243,17,4,Ryan Weathers,NYY,244
244,17,5,Tyler Stephenson,CIN,245
245,17,6,Jack Leiter,TEX,246
246,17,7,Merrill Kelly,ARZ,247
247,17,8,Carlos Correa,HOU,248
248,17,9,Justin Crawford,PHI,249
249,17,10,Bryce Miller,SEA,250
250,17,11,Jake Burger,TEX,251
251,17,12,Riley O`Brien,STL,252
252,17,13,Ryan Jeffers,MIN,253
253,17,14,Trent Grisham,NYY,254
254,17,15,Dillon Dingler,DET,255
255,18,1,Kerry Carpenter,DET,256
256,18,2,Kodai Senga,NYM,257
257,18,3,Willi Castro,COL,258
258,18,4,Brendan Donovan,SEA,259
259,18,5,Mike Burrows,HOU,260
260,18,6,Roki Sasaki,LAD,261
261,18,7,Jose Soriano,LAA,262
262,18,8,Ryan O`Hearn,PIT,263
263,18,9,Logan Henderson,MLW,264
264,18,10,Carlos Narvaez,BOS,265
265,18,11,Cody Ponce,TOR,266
266,18,12,Max Muncy,LAD,267
267,18,13,Ryne Nelson,ARZ,268
268,18,14,Edgar Quero,CWS,269
269,18,15,Caleb Durbin,BOS,270
270,19,1,Colt Keith,DET,271
271,19,2,Shane Smith,CWS,272
272,19,3,Brett Baty,NYM,273
273,19,4,Braxton Ashcraft,PIT,274
274,19,5,Cade Cavalli,WAS,275
275,19,6,Alec Bohm,PHI,276
276,19,7,Garrett Cleavinger,TB,277
277,19,8,Andrew Vaughn,MLW,278
278,19,9,Cam Smith,HOU,279
279,19,10,Chase DeLauter,CLE,280
280,19,11,Casey Mize,DET,281
281,19,12,Giancarlo Stanton,NYY,282
282,19,13,Taylor Rogers,MIN,283
283,19,14,Victor Caratini,MIN,284
284,19,15,Luis Arraez,SF,285
285,20,1,Ernie Clement,TOR,286
286,20,2,Garrett Mitchell,MLW,287
287,20,3,David Peterson,NYM,288
288,20,4,Marcell Ozuna,PIT,289
289,20,5,Andres Gimenez,TOR,290
290,20,6,Grayson Rodriguez,LAA,291
291,20,7,Brandon Pfaadt,ARZ,292
292,20,8,Luis Gil,NYY,293
293,20,9,Clayton Beeter,WAS,294
294,20,10,Victor Vodnik,COL,295
295,20,11,Moises Ballesteros,CHC,296
296,20,12,Evan Carter,TEX,297
297,20,13,Jung Hoo Lee,SF,298
298,20,14,Mark Vientos,NYM,299
299,20,15,Jordan Lawlar,ARZ,300
300,21,1,Zach McKinstry,DET,301
301,21,2,Sean Manaea,NYM,302
302,21,3,Will Warren,NYY,303
303,21,4,Quinn Priester,MLW,304
304,21,5,Miguel Vargas,CWS,305
305,21,6,Parker Messick,CLE,306
306,21,7,Kyle Manzardo,CLE,307
307,21,8,Bo Naylor,CLE,308
308,21,9,Matt Shaw,CHC,309
309,21,10,Zebby Matthews,MIN,310
310,21,11,Austin Hays,CWS,311
311,21,12,Victor Scott II,STL,312
312,21,13,Josh Smith,TEX,313
313,21,14,Dustin May,STL,314
314,21,15,Bailey Ober,MIN,315
315,22,13,Josh Lowe,LAA,316
316,22,14,Luisangel Acuna,CWS,317
317,22,15,Dominic Canzone,SEA,318
0,1,1,Aaron Judge,NYY,1
1,1,2,Shohei Ohtani,LAD,2
2,1,3,Bobby Witt Jr.,KC,3
3,1,4,Juan Soto,NYM,4
4,1,5,Jose Ramirez,CLE,5
5,1,6,Ronald Acuna Jr.,ATL,6
6,1,7,Elly De La Cruz,CIN,7
7,1,8,Tarik Skubal,DET,8
8,1,9,Paul Skenes,PIT,9
9,1,10,Julio Rodriguez,SEA,10
10,1,11,Garrett Crochet,BOS,11
11,1,12,Fernando Tatis Jr.,SD,12
12,1,13,Corbin Carroll,ARZ,13
13,1,14,Vladimir Guerrero Jr.,TOR,14
14,1,15,Gunnar Henderson,BAL,15
15,2,1,Kyle Tucker,LAD,16
16,2,2,Nick Kurtz,ATH,17
17,2,3,Junior Caminero,TB,18
18,2,4,Jackson Chourio,MLW,19
19,2,5,Cal Raleigh,SEA,20
20,2,6,Jazz Chisholm Jr.,NYY,21
21,2,7,Kyle Schwarber,PHI,22
22,2,8,Francisco Lindor,NYM,23
23,2,9,Trea Turner,PHI,24
24,2,10,Yoshinobu Yamamoto,LAD,25
25,2,11,Pete Alonso,BAL,26
26,2,12,Cristopher Sanchez,PHI,27
27,2,13,Edwin Diaz,LAD,28
28,2,14,Zach Neto,LAA,29
29,2,15,Yordan Alvarez,HOU,30
30,3,1,Manny Machado,SD,31
31,3,2,Bryce Harper,PHI,32
32,3,3,Chris Sale,ATL,33
33,3,4,Bryan Woo,SEA,34
34,3,5,Logan Gilbert,SEA,35
35,3,6,Mason Miller,SD,36
36,3,7,Wyatt Langford,TEX,37
37,3,8,James Wood,WAS,38
38,3,9,Andres Munoz,SEA,39
39,3,10,Cade Smith,CLE,40
40,3,11,Pete Crow-Armstrong,CHC,41
41,3,12,Ketel Marte,ARZ,42
42,3,13,Brent Rooker,ATH,43
43,3,14,Logan Webb,SF,44
44,3,15,Hunter Brown,HOU,45
45,4,1,Jhoan Duran,PHI,46
46,4,2,Devin Williams,NYM,47
47,4,3,Max Fried,NYY,48
48,4,4,Matt Olson,ATL,49
49,4,5,Mookie Betts,LAD,50
50,4,6,Hunter Greene,CIN,51
51,4,7,CJ Abrams,WAS,52
52,4,8,Cole Ragans,KC,53
53,4,9,Maikel Garcia,KC,54
54,4,10,William Contreras,MLW,55
55,4,11,Brice Turang,MLW,56
56,4,12,Shea Langeliers,ATH,57
57,4,13,Ben Rice,NYY,58
58,4,14,Jacob deGrom,TEX,59
59,4,15,Rafael Devers,SF,60
60,5,1,Freddy Peralta,NYM,61
61,5,2,Jarren Duran,BOS,62
62,5,3,Aroldis Chapman,BOS,63
63,5,4,Freddie Freeman,LAD,64
64,5,5,Joe Ryan,MIN,65
65,5,6,Josh Naylor,SEA,66
66,5,7,Agustin Ramirez,MIA,67
67,5,8,Roman Anthony,BOS,68
68,5,9,Jackson Merrill,SD,69
69,5,10,Vinnie Pasquantino,KC,70
70,5,11,Riley Greene,DET,71
71,5,12,Dylan Cease,TOR,72
72,5,13,David Bednar,NYY,73
73,5,14,Kyle Bradish,BAL,74
74,5,15,Ryan Helsley,BAL,75
75,6,1,Austin Riley,ATL,76
76,6,2,Eury Perez,MIA,77
77,6,3,George Kirby,SEA,78
78,6,4,Framber Valdez,DET,79
79,6,5,Salvador Perez,KC,80
80,6,6,Geraldo Perdomo,ARZ,81
81,6,7,Tyler Soderstrom,ATH,82
82,6,8,Cody Bellinger,NYY,83
83,6,9,Corey Seager,TEX,84
84,6,10,Hunter Goodman,COL,85
85,6,11,Randy Arozarena,SEA,86
86,6,12,Jeremy Pena,HOU,87
87,6,13,Byron Buxton,MIN,88
88,6,14,Raisel Iglesias,ATL,89
89,6,15,Oneil Cruz,PIT,90
90,7,1,Luke Keaschall,MIN,91
91,7,2,Michael Busch,CHC,92
92,7,3,George Springer,TOR,93
93,7,4,Pete Fairbanks,MIA,94
94,7,5,Bo Bichette,NYM,95
95,7,6,Nico Hoerner,CHC,96
96,7,7,Michael Harris II,ATL,97
97,7,8,Eugenio Suarez,CIN,98
98,7,9,Alex Bregman,CHC,99
99,7,10,Drake Baldwin,ATL,100
100,7,11,Seiya Suzuki,CHC,101
101,7,12,Will Smith,LAD,102
102,7,13,Jesus Luzardo,PHI,103
103,7,14,Chase Burns,CIN,104
104,7,15,Nick Pivetta,SD,105
105,8,1,Yainer Diaz,HOU,106
106,8,2,Adley Rutschman,BAL,107
107,8,3,Willy Adames,SF,108
108,8,4,Jeff Hoffman,TOR,109
109,8,5,Jakob Marsee,MIA,110
110,8,6,Nolan McLean,NYM,111
111,8,7,Luis Robert Jr.,NYM,112
112,8,8,Christian Yelich,MLW,113
113,8,9,Kyle Stowers,MIA,114
114,8,10,Trevor Story,BOS,115
115,8,11,Trevor Megill,MLW,116
116,8,12,Jo Adell,LAA,117
117,8,13,Daniel Palencia,CHC,118
118,8,14,Michael King,SD,119
119,8,15,Tyler Glasnow,LAD,120
120,9,1,Trey Yesavage,TOR,121
121,9,2,Drew Rasmussen,TB,122
122,9,3,Zack Wheeler,PHI,123
123,9,4,Dansby Swanson,CHC,124
124,9,5,Jose Altuve,HOU,125
125,9,6,Spencer Strider,ATL,126
126,9,7,Josh Hader,HOU,127
127,9,8,Carlos Estevez,KC,128
128,9,9,Nathan Eovaldi,TEX,129
129,9,10,Emmet Sheehan,LAD,130
130,9,11,Ceddanne Rafaela,BOS,131
131,9,12,Cam Schlittler,NYY,132
132,9,13,Yandy Diaz,TB,133
133,9,14,Abner Uribe,MLW,134
134,9,15,Sonny Gray,BOS,135
135,10,1,Andy Pages,LAD,136
136,10,2,Chandler Simpson,TB,137
137,10,3,Teoscar Hernandez,LAD,138
138,10,4,Ryan Pepiot,TB,139
139,10,5,Jacob Misiorowski,MLW,140
140,10,6,Emilio Pagan,CIN,141
141,10,7,Kevin Gausman,TOR,142
142,10,8,Kenley Jansen,DET,143
143,10,9,Alec Burleson,STL,144
144,10,10,Bubba Chandler,PIT,145
145,10,11,Taylor Ward,BAL,146
146,10,12,Brenton Doyle,COL,147
147,10,13,Brandon Woodruff,MLW,148
148,10,14,Griffin Jax,TB,149
149,10,15,Xavier Edwards,MIA,150
150,11,1,Carter Jensen,KC,151
151,11,2,Ozzie Albies,ATL,152
152,11,3,Sandy Alcantara,MIA,153
153,11,4,Nick Lodolo,CIN,154
154,11,5,Gavin Williams,CLE,155
155,11,6,Noelvi Marte,CIN,156
156,11,7,Trevor Rogers,BAL,157
157,11,8,Samuel Basallo,BAL,158
158,11,9,Brandon Nimmo,TEX,159
159,11,10,Gabriel Moreno,ARZ,160
160,11,11,Willson Contreras,BOS,161
161,11,12,Jacob Wilson,ATH,162
162,11,13,Konnor Griffin,PIT,163
163,11,14,Cade Horton,CHC,164
164,11,15,Brandon Lowe,PIT,165
165,12,1,Spencer Torkelson,DET,166
166,12,2,MacKenzie Gore,TEX,167
167,12,3,Alejandro Kirk,TOR,168
168,12,4,Lawrence Butler,ATH,169
169,12,5,Matt Chapman,SF,170
170,12,6,Matt McLain,CIN,171
171,12,7,Steven Kwan,CLE,172
172,12,8,Ivan Herrera,STL,173
173,12,9,Robbie Ray,SF,174
174,12,10,Tatsuya Imai,HOU,175
175,12,11,Dylan Crews,WAS,176
176,12,12,Bryson Stott,PHI,177
177,12,13,Francisco Alvarez,NYM,178
178,12,14,Bryan Reynolds,PIT,179
179,12,15,JJ Wetherholt,STL,180
180,13,1,Kevin McGonigle,DET,181
181,13,2,Shota Imanaga,CHC,182
182,13,3,Sal Stewart,CIN,183
183,13,4,Dennis Santana,PIT,184
184,13,5,Kyle Teel,CWS,185
185,13,6,Jac Caglianone,KC,186
186,13,7,Jackson Holliday,BAL,187
187,13,8,Luis Castillo,SEA,188
188,13,9,Kyle Finnegan,DET,189
189,13,10,Jonathan Aranda,TB,190
190,13,11,Kris Bubic,KC,191
191,13,12,Kazuma Okamoto,TOR,192
192,13,13,Heliot Ramos,SF,193
193,13,14,J.T. Realmuto,PHI,194
194,13,15,Sal Frelick,MLW,195
195,14,1,Jordan Beck,COL,196
196,14,2,Colson Montgomery,CWS,197
197,14,3,Otto Lopez,MIA,198
198,14,4,Ian Happ,CHC,199
199,14,5,Blake Snell,LAD,200
200,14,6,Daulton Varsho,TOR,201
201,14,7,Jose Caballero,NYY,202
202,14,8,Edward Cabrera,CHC,203
203,14,9,Ryan Walker,SF,204
204,14,10,Mike Trout,LAA,205
205,14,11,Seranthony Dominguez,CWS,206
206,14,12,Ranger Suarez,BOS,207
207,14,13,Adolis Garcia,PHI,208
208,14,14,Wilyer Abreu,BOS,209
209,14,15,Kyle Manzardo,CLE,210
210,15,1,Daylen Lile,WAS,211
211,15,2,Austin Wells,NYY,212
212,15,3,Jorge Polanco,NYM,213
213,15,4,Munetaka Murakami,CWS,214
214,15,5,Tanner Bibee,CLE,215
215,15,6,Jack Flaherty,DET,216
216,15,7,Shane Smith,CWS,217
217,15,8,Addison Barger,TOR,218
218,15,9,Dillon Dingler,DET,219
219,15,10,Ramon Laureano,SD,220
220,15,11,Xander Bogaerts,SD,221
221,15,12,Logan O`Hoppe,LAA,222
222,15,13,Shane McClanahan,TB,223
223,15,14,Luis Garcia Jr.,WAS,224
224,15,15,Ezequiel Tovar,COL,225
225,16,1,Caleb Durbin,BOS,226
226,16,2,Marcus Semien,NYM,227
227,16,3,Shane Baz,BAL,228
228,16,4,Joe Musgrove,SD,229
229,16,5,Gleyber Torres,DET,230
230,16,6,Justin Crawford,PHI,231
231,16,7,Brendan Donovan,SEA,232
232,16,8,Isaac Paredes,HOU,233
233,16,9,Kerry Carpenter,DET,234
234,16,10,Jasson Dominguez,NYY,235
235,16,11,Christian Walker,HOU,236
236,16,12,Colton Cowser,BAL,237
237,16,13,Mickey Moniak,COL,238
238,16,14,Trent Grisham,NYY,239
239,16,15,Tyler Stephenson,CIN,240
240,17,1,Carlos Rodon,NYY,241
241,17,2,Aaron Nola,PHI,242
242,17,3,Zac Gallen,ARZ,243
243,17,4,Matthew Boyd,CHC,244
244,17,5,Ryan Jeffers,MIN,245
0,1,1,Shohei Ohtani,LAD,1
1,1,2,Bobby Witt Jr.,KC,2
0,1,1,Shohei Ohtani,LAD,1
1,1,2,Aaron Judge,NYY,2
2,1,3,Bobby Witt Jr.,KC,3
0,1,1,Shohei Ohtani,LAD,1
1,1,2,Aaron Judge,NYY,2
0,1,1,Shohei Ohtani,LAD,1
1,1,2,Aaron Judge,NYY,2
0,1,1,Shohei Ohtani,LAD,1
1,1,2,Aaron Judge,NYY,2
2,1,3,Bobby Witt Jr.,KC,3
3,1,4,Tarik Skubal,DET,4
4,1,5,Juan Soto,NYM,5
5,1,6,Jose Ramirez,CLE,6
6,1,7,Ronald Acuna Jr.,ATL,7
7,1,8,Julio Rodriguez,SEA,8
8,1,9,Paul Skenes,PIT,9
9,1,10,Garrett Crochet,BOS,10
10,1,11,Elly De La Cruz,CIN,11
11,1,12,Kyle Tucker,LAD,12
12,1,13,Fernando Tatis Jr.,SD,13
13,1,14,Gunnar Henderson,BAL,14
14,1,15,Corbin Carroll,ARZ,15
15,2,1,Junior Caminero,TB,16
16,2,2,Cal Raleigh,SEA,17
17,2,3,Kyle Schwarber,PHI,18
18,2,4,Vladimir Guerrero Jr.,TOR,19
19,2,5,Cristopher Sanchez,PHI,20
20,2,6,Jackson Chourio,MLW,21
21,2,7,Nick Kurtz,ATH,22
22,2,8,Francisco Lindor,NYM,23
23,2,9,Jazz Chisholm Jr.,NYY,24
24,2,10,Ketel Marte,ARZ,25
25,2,11,Trea Turner,PHI,26
26,2,12,Mason Miller,SD,27
27,2,13,Pete Crow-Armstrong,CHC,28
28,2,14,Zach Neto,LAA,29
29,2,15,Yoshinobu Yamamoto,LAD,30
30,3,1,Hunter Brown,HOU,31
31,3,2,Manny Machado,SD,32
32,3,3,Bryce Harper,PHI,33
33,3,4,Pete Alonso,BAL,34
34,3,5,Yordan Alvarez,HOU,35
35,3,6,Logan Gilbert,SEA,36
36,3,7,Edwin Diaz,LAD,37
37,3,8,Cade Smith,CLE,38
38,3,9,James Wood,WAS,39
39,3,10,Bryan Woo,SEA,40
40,3,11,Chris Sale,ATL,41
41,3,12,Brent Rooker,ATH,42
42,3,13,CJ Abrams,WAS,43
43,3,14,Brice Turang,MLW,44
44,3,15,Andres Munoz,SEA,45
45,4,1,Jacob deGrom,TEX,46
46,4,2,Jhoan Duran,PHI,47
47,4,3,Josh Naylor,SEA,48
48,4,4,Hunter Greene,CIN,49
49,4,5,Devin Williams,NYM,50
50,4,6,Matt Olson,ATL,51
51,4,7,Wyatt Langford,TEX,52
52,4,8,Logan Webb,SF,53
53,4,9,Aroldis Chapman,BOS,54
54,4,10,Mookie Betts,LAD,55
55,4,11,Rafael Devers,SF,56
56,4,12,David Bednar,NYY,57
57,4,13,Cole Ragans,KC,58
58,4,14,Max Fried,NYY,59
59,4,15,William Contreras,MLW,60
60,5,1,Jackson Merrill,SD,61
61,5,2,Shea Langeliers,ATH,62
62,5,3,Raisel Iglesias,ATL,63
63,5,4,Ben Rice,NYY,64
64,5,5,Josh Hader,HOU,65
65,5,6,Roman Anthony,BOS,66
66,5,7,Riley Greene,DET,67
67,5,8,Freddy Peralta,NYM,68
68,5,9,Austin Riley,ATL,69
69,5,10,Jarren Duran,BOS,70
70,5,11,Hunter Goodman,COL,71
71,5,12,Maikel Garcia,KC,72
72,5,13,Kyle Bradish,BAL,73
73,5,14,Vinnie Pasquantino,KC,74
74,5,15,George Kirby,SEA,75
75,6,1,Tyler Soderstrom,ATH,76
76,6,2,Ryan Helsley,BAL,77
77,6,3,Emilio Pagan,CIN,78
78,6,4,Trevor Megill,MLW,79
79,6,5,Freddie Freeman,LAD,80
80,6,6,Jesus Luzardo,PHI,81
81,6,7,Framber Valdez,DET,82
82,6,8,Agustin Ramirez,MIA,83
83,6,9,Carlos Estevez,KC,84
84,6,10,Cody Bellinger,NYY,85
85,6,11,Joe Ryan,MIN,86
86,6,12,Geraldo Perdomo,ARZ,87
87,6,13,Byron Buxton,MIN,88
88,6,14,Eury Perez,MIA,89
89,6,15,Oneil Cruz,PIT,90
90,7,1,Jeff Hoffman,TOR,91
91,7,2,Daniel Palencia,CHC,92
92,7,3,Dylan Cease,TOR,93
93,7,4,Nick Lodolo,CIN,94
94,7,5,Tyler Glasnow,LAD,95
95,7,6,Drake Baldwin,ATL,96
96,7,7,Corey Seager,TEX,97
97,7,8,Jeremy Pena,HOU,98
98,7,9,Pete Fairbanks,MIA,99
99,7,10,Kenley Jansen,DET,100
100,7,11,Seiya Suzuki,CHC,101
101,7,12,Bo Bichette,NYM,102
102,7,13,Luke Keaschall,MIN,103
103,7,14,Nick Pivetta,SD,104
104,7,15,Michael Busch,CHC,105
105,8,1,Willy Adames,SF,106
106,8,2,Eugenio Suarez,CIN,107
107,8,3,Nolan McLean,NYM,108
108,8,4,Zack Wheeler,PHI,109
109,8,5,Jo Adell,LAA,110
110,8,6,Nico Hoerner,CHC,111
111,8,7,Salvador Perez,KC,112
112,8,8,Randy Arozarena,SEA,113
113,8,9,Luis Robert Jr.,NYM,114
114,8,10,Chase Burns,CIN,115
115,8,11,Michael Harris II,ATL,116
116,8,12,Will Smith,LAD,117
117,8,13,Yainer Diaz,HOU,118
118,8,14,George Springer,TOR,119
119,8,15,Noelvi Marte,CIN,120
120,9,1,Ceddanne Rafaela,BOS,121
121,9,2,Christian Yelich,MLW,122
122,9,3,Alex Bregman,CHC,123
123,9,4,Kyle Stowers,MIA,124
124,9,5,Ryan Pepiot,TB,125
125,9,6,Drew Rasmussen,TB,126
126,9,7,Spencer Strider,ATL,127
127,9,8,Kevin Gausman,TOR,128
128,9,9,Jose Altuve,HOU,129
129,9,10,Brandon Nimmo,TEX,130
130,9,11,Emmet Sheehan,LAD,131
131,9,12,Sandy Alcantara,MIA,132
132,9,13,Trevor Story,BOS,133
133,9,14,Cam Schlittler,NYY,134
134,9,15,Sonny Gray,BOS,135
135,10,1,Dennis Santana,PIT,136
136,10,2,Jacob Misiorowski,MLW,137
137,10,3,Michael King,SD,138
138,10,4,Jakob Marsee,MIA,139
139,10,5,Yandy Diaz,TB,140
140,10,6,Dansby Swanson,CHC,141
141,10,7,Abner Uribe,MLW,142
142,10,8,Ryan Walker,SF,143
143,10,9,Adley Rutschman,BAL,144
144,10,10,Griffin Jax,TB,145
145,10,11,Konnor Griffin,PIT,146
146,10,12,Matt Chapman,SF,147
147,10,13,Andy Pages,LAD,148
148,10,14,MacKenzie Gore,TEX,149
149,10,15,Trey Yesavage,TOR,150
150,11,1,Teoscar Hernandez,LAD,151
151,11,2,Alec Burleson,STL,152
152,11,3,Bubba Chandler,PIT,153
153,11,4,Taylor Ward,BAL,154
154,11,5,Ozzie Albies,ATL,155
155,11,6,Trevor Rogers,BAL,156
156,11,7,Samuel Basallo,BAL,157
157,11,8,Dylan Crews,WAS,158
158,11,9,Jacob Wilson,ATH,159
159,11,10,Bryan Abreu,HOU,160
160,11,11,Alejandro Kirk,TOR,161
161,11,12,Sal Stewart,CIN,162
162,11,13,Lawrence Butler,ATH,163
163,11,14,Steven Kwan,CLE,164
164,11,15,Kerry Carpenter,DET,165
165,12,1,Jac Caglianone,KC,166
166,12,2,Tatsuya Imai,HOU,167
167,12,3,Cade Horton,CHC,168
168,12,4,Francisco Alvarez,NYM,169
169,12,5,Brandon Woodruff,MLW,170
170,12,6,Nathan Eovaldi,TEX,171
171,12,7,Kris Bubic,KC,172
172,12,8,Kyle Teel,CWS,173
173,12,9,Royce Lewis,MIN,174
174,12,10,Chandler Simpson,TB,175
175,12,11,Carter Jensen,KC,176
176,12,12,Tanner Bibee,CLE,177
177,12,13,Brandon Lowe,PIT,178
178,12,14,Blake Snell,LAD,179
179,12,15,Gavin Williams,CLE,180
180,13,1,Edward Cabrera,CHC,181
181,13,2,Daylen Lile,WAS,182
182,13,3,Gabriel Moreno,ARZ,183
183,13,4,Jack Flaherty,DET,184
184,13,5,Luis Castillo,SEA,185
185,13,6,Spencer Torkelson,DET,186
186,13,7,Jonathan Aranda,TB,187
187,13,8,Willson Contreras,BOS,188
188,13,9,Bryson Stott,PHI,189
189,13,10,Ivan Herrera,STL,190
190,13,11,Jose Caballero,NYY,191
191,13,12,Seranthony Dominguez,CWS,192
192,13,13,Mike Trout,LAA,193
193,13,14,Matt McLain,CIN,194
194,13,15,Brenton Doyle,COL,195
195,14,1,Shane Baz,BAL,196
196,14,2,Ian Happ,CHC,197
197,14,3,Robert Garcia,TEX,198
198,14,4,Jackson Holliday,BAL,199
199,14,5,Shane McClanahan,TB,200
200,14,6,Christian Walker,HOU,201
201,14,7,Addison Barger,TOR,202
202,14,8,Otto Lopez,MIA,203
203,14,9,Daulton Varsho,TOR,204
204,14,10,Robert Suarez,ATL,205
205,14,11,Bryan Reynolds,PIT,206
206,14,12,Ezequiel Tovar,COL,207
207,14,13,Jung Hoo Lee,SF,208
208,14,14,JJ Wetherholt,STL,209
209,14,15,Isaac Paredes,HOU,210
210,15,1,Colson Montgomery,CWS,211
211,15,2,Matthew Boyd,CHC,212
212,15,3,Andrew Abbott,CIN,213
213,15,4,Wilyer Abreu,BOS,214
214,15,5,Max Muncy,LAD,215
215,15,6,Kazuma Okamoto,TOR,216
216,15,7,Xavier Edwards,MIA,217
217,15,8,Munetaka Murakami,CWS,218
218,15,9,J.T. Realmuto,PHI,219
219,15,10,Dillon Dingler,DET,220
220,15,11,Ramon Laureano,SD,221
221,15,12,Jorge Polanco,NYM,222
222,15,13,Jack Leiter,TEX,223
223,15,14,Heliot Ramos,SF,224
224,15,15,Shota Imanaga,CHC,225
225,16,1,Alec Bohm,PHI,226
226,16,2,Jordan Beck,COL,227
227,16,3,Caleb Durbin,BOS,228
228,16,4,Gleyber Torres,DET,229
229,16,5,Xander Bogaerts,SD,230
230,16,6,Luis Garcia Jr.,WAS,231
231,16,7,Kevin McGonigle,DET,232
232,16,8,Ranger Suarez,BOS,233
233,16,9,Adolis Garcia,PHI,234
234,16,10,Marcus Semien,NYM,235
235,16,11,Kyle Manzardo,CLE,236
236,16,12,Ryne Nelson,ARZ,237
237,16,13,Kevin Ginkel,ARZ,238
238,16,14,Logan O`Hoppe,LAA,239
239,16,15,Spencer Steer,CIN,240
240,17,1,Austin Wells,NYY,241
241,17,2,Jake Burger,TEX,242
242,17,3,Ryan O`Hearn,PIT,243
243,17,4,Brett Baty,NYM,244
244,17,5,Joe Musgrove,SD,245
245,17,6,Sal Frelick,MLW,246
246,17,7,Tyler Stephenson,CIN,247
247,17,8,Miguel Vargas,CWS,248
248,17,9,Carlos Rodon,NYY,249
249,17,10,Colton Cowser,BAL,250
250,17,11,Shane Smith,CWS,251
251,17,12,Robbie Ray,SF,252
252,17,13,Carlos Narvaez,BOS,253
253,17,14,Ryan Weathers,NYY,254
254,17,15,Andres Gimenez,TOR,255
255,18,1,Ryan Jeffers,MIN,256
256,18,2,Luis Arraez,SF,257
257,18,3,Mickey Moniak,COL,258
258,18,4,Grayson Rodriguez,LAA,259
259,18,5,Willi Castro,COL,260
260,18,6,Aaron Nola,PHI,261
261,18,7,Zac Gallen,ARZ,262
262,18,8,Justin Crawford,PHI,263
263,18,9,Matt Shaw,CHC,264
264,18,10,Bryce Miller,SEA,265
265,18,11,Connelly Early,BOS,266
266,18,12,Jordan Lawlar,ARZ,267
267,18,13,Brendan Donovan,SEA,268
268,18,14,Clayton Beeter,WAS,269
269,18,15,Masyn Winn,STL,270
270,19,1,Riley O`Brien,STL,271
271,19,2,TJ Friedl,CIN,272
272,19,3,Trent Grisham,NYY,273
273,19,4,Mike Burrows,HOU,274
274,19,5,Joey Cantillo,CLE,275
275,19,6,Logan Henderson,MLW,276
276,19,7,Taylor Rogers,MIN,277
277,19,8,Merrill Kelly,ARZ,278
278,19,9,Jasson Dominguez,NYY,279
279,19,10,Carson Kelly,CHC,280
280,19,11,Sean Manaea,NYM,281
281,19,12,Giancarlo Stanton,NYY,282
282,19,13,Andrew Vaughn,MLW,283
283,19,14,Ernie Clement,TOR,284
284,19,15,Carlos Correa,HOU,285
285,20,12,Kodai Senga,NYM,286
286,20,13,Braxton Ashcraft,PIT,287
287,20,14,Casey Mize,DET,288
288,20,15,Bo Naylor,CLE,289
0,1,1,Shohei Ohtani,LAD,1
1,1,2,Aaron Judge,NYY,2
2,1,3,Bobby Witt Jr.,KC,3
3,1,4,Juan Soto,NYM,4
4,1,5,Ronald Acuna Jr.,ATL,5
5,1,6,Jose Ramirez,CLE,6
6,1,7,Julio Rodriguez,SEA,7
7,1,8,Tarik Skubal,DET,8
8,1,9,Elly De La Cruz,CIN,9
9,1,10,Paul Skenes,PIT,10
10,1,11,Fernando Tatis Jr.,SD,11
11,1,12,Cal Raleigh,SEA,12
12,1,13,Corbin Carroll,ARZ,13
13,1,14,Garrett Crochet,BOS,14
14,1,15,Kyle Tucker,LAD,15
15,2,1,Jackson Chourio,MLW,16
16,2,2,Junior Caminero,TB,17
17,2,3,Francisco Lindor,NYM,18
18,2,4,Gunnar Henderson,BAL,19
19,2,5,Vladimir Guerrero Jr.,TOR,20
20,2,6,Nick Kurtz,ATH,21
21,2,7,Jazz Chisholm Jr.,NYY,22
22,2,8,Kyle Schwarber,PHI,23
23,2,9,Pete Alonso,BAL,24
24,2,10,Trea Turner,PHI,25
25,2,11,Cristopher Sanchez,PHI,26
26,2,12,James Wood,WAS,27
27,2,13,Yoshinobu Yamamoto,LAD,28
28,2,14,Chris Sale,ATL,29
29,2,15,Edwin Diaz,LAD,30
30,3,1,Bryan Woo,SEA,31
31,3,2,Zach Neto,LAA,32
32,3,3,Ketel Marte,ARZ,33
33,3,4,Manny Machado,SD,34
34,3,5,Mason Miller,SD,35
35,3,6,Yordan Alvarez,HOU,36
36,3,7,Hunter Brown,HOU,37
37,3,8,Pete Crow-Armstrong,CHC,38
38,3,9,Logan Gilbert,SEA,39
39,3,10,Andres Munoz,SEA,40
40,3,11,Jhoan Duran,PHI,41
41,3,12,Cade Smith,CLE,42
42,3,13,Aroldis Chapman,BOS,43
43,3,14,Bryce Harper,PHI,44
44,3,15,Hunter Greene,CIN,45
45,4,1,CJ Abrams,WAS,46
46,4,2,Logan Webb,SF,47
47,4,3,Brent Rooker,ATH,48
48,4,4,Jacob deGrom,TEX,49
49,4,5,Mookie Betts,LAD,50
50,4,6,Wyatt Langford,TEX,51
51,4,7,Shea Langeliers,ATH,52
52,4,8,Brice Turang,MLW,53
53,4,9,Austin Riley,ATL,54
54,4,10,Cole Ragans,KC,55
55,4,11,Matt Olson,ATL,56
56,4,12,George Kirby,SEA,57
57,4,13,Rafael Devers,SF,58
58,4,14,Roman Anthony,BOS,59
59,4,15,Riley Greene,DET,60
60,5,1,Josh Naylor,SEA,61
61,5,2,Devin Williams,NYM,62
62,5,3,David Bednar,NYY,63
63,5,4,Vinnie Pasquantino,KC,64
64,5,5,Maikel Garcia,KC,65
65,5,6,Max Fried,NYY,66
66,5,7,Freddy Peralta,NYM,67
67,5,8,Freddie Freeman,LAD,68
68,5,9,Jackson Merrill,SD,69
69,5,10,William Contreras,MLW,70
70,5,11,Ben Rice,NYY,71
71,5,12,Nolan McLean,NYM,72
72,5,13,Salvador Perez,KC,73
73,5,14,Cody Bellinger,NYY,74
74,5,15,Joe Ryan,MIN,75
75,6,1,Jarren Duran,BOS,76
76,6,2,Framber Valdez,DET,77
77,6,3,Ryan Helsley,BAL,78
78,6,4,Bo Bichette,NYM,79
79,6,5,Tyler Soderstrom,ATH,80
80,6,6,Jeremy Pena,HOU,81
81,6,7,Byron Buxton,MIN,82
82,6,8,Geraldo Perdomo,ARZ,83
83,6,9,Jeff Hoffman,TOR,84
84,6,10,Randy Arozarena,SEA,85
85,6,11,Eury Perez,MIA,86
86,6,12,Hunter Goodman,COL,87
87,6,13,Jesus Luzardo,PHI,88
88,6,14,Dylan Cease,TOR,89
89,6,15,Nico Hoerner,CHC,90
90,7,1,Eugenio Suarez,CIN,91
91,7,2,Drake Baldwin,ATL,92
92,7,3,Seiya Suzuki,CHC,93
93,7,4,Kyle Bradish,BAL,94
94,7,5,Will Smith,LAD,95
95,7,6,Michael Harris II,ATL,96
96,7,7,Oneil Cruz,PIT,97
97,7,8,George Springer,TOR,98
98,7,9,Daniel Palencia,CHC,99
99,7,10,Nick Pivetta,SD,100
100,7,11,Corey Seager,TEX,101
101,7,12,Michael Busch,CHC,102
102,7,13,Agustin Ramirez,MIA,103
103,7,14,Alex Bregman,CHC,104
104,7,15,Josh Hader,HOU,105
105,8,1,Raisel Iglesias,ATL,106
106,8,2,Willy Adames,SF,107
107,8,3,Tyler Glasnow,LAD,108
108,8,4,Luis Robert Jr.,NYM,109
109,8,5,Cam Schlittler,NYY,110
110,8,6,Kevin Gausman,TOR,111
111,8,7,Chase Burns,CIN,112
112,8,8,Emilio Pagan,CIN,113
113,8,9,Trevor Story,BOS,114
114,8,10,Pete Fairbanks,MIA,115
115,8,11,Andy Pages,LAD,116
116,8,12,Carlos Estevez,KC,117
117,8,13,Yainer Diaz,HOU,118
118,8,14,Emmet Sheehan,LAD,119
119,8,15,Sonny Gray,BOS,120
120,9,1,Teoscar Hernandez,LAD,121
121,9,2,Kenley Jansen,DET,122
122,9,3,Jose Altuve,HOU,123
123,9,4,Luke Keaschall,MIN,124
124,9,5,Yandy Diaz,TB,125
125,9,6,Michael King,SD,126
126,9,7,Adley Rutschman,BAL,127
127,9,8,Nick Lodolo,CIN,128
128,9,9,Zack Wheeler,PHI,129
129,9,10,Konnor Griffin,PIT,130
130,9,11,Jackson Holliday,BAL,131
131,9,12,Jacob Misiorowski,MLW,132
132,9,13,Ceddanne Rafaela,BOS,133
133,9,14,Christian Yelich,MLW,134
134,9,15,Jo Adell,LAA,135
135,10,1,Noelvi Marte,CIN,136
136,10,2,Mike Trout,LAA,137
137,10,3,Taylor Ward,BAL,138
138,10,4,Spencer Strider,ATL,139
139,10,5,Drew Rasmussen,TB,140
140,10,6,Jakob Marsee,MIA,141
141,10,7,Kyle Stowers,MIA,142
142,10,8,Brandon Nimmo,TEX,143
143,10,9,Steven Kwan,CLE,144
144,10,10,Ryan Pepiot,TB,145
145,10,11,Dansby Swanson,CHC,146
146,10,12,Brandon Woodruff,MLW,147
147,10,13,Nathan Eovaldi,TEX,148
148,10,14,Brenton Doyle,COL,149
149,10,15,Luis Castillo,SEA,150
150,11,1,Ryan Walker,SF,151
151,11,2,Trevor Rogers,BAL,152
152,11,3,Lawrence Butler,ATH,153
153,11,4,Xavier Edwards,MIA,154
154,11,5,Tatsuya Imai,HOU,155
155,11,6,Bubba Chandler,PIT,156
156,11,7,Jacob Wilson,ATH,157
157,11,8,Sandy Alcantara,MIA,158
158,11,9,Ezequiel Tovar,COL,159
159,11,10,Abner Uribe,MLW,160
160,11,11,Robert Suarez,ATL,161
161,11,12,Francisco Alvarez,NYM,162
162,11,13,Robbie Ray,SF,163
163,11,14,Trevor Megill,MLW,164
164,11,15,Brandon Lowe,PIT,165
165,12,1,Gavin Williams,CLE,166
166,12,2,Trey Yesavage,TOR,167
167,12,3,Cade Horton,CHC,168
168,12,4,Jac Caglianone,KC,169
169,12,5,Griffin Jax,TB,170
170,12,6,Ozzie Albies,ATL,171
171,12,7,Dennis Santana,PIT,172
172,12,8,Samuel Basallo,BAL,173
173,12,9,Robert Garcia,TEX,174
174,12,10,Carter Jensen,KC,175
175,12,11,Chandler Simpson,TB,176
176,12,12,Alec Burleson,STL,177
177,12,13,Matt Chapman,SF,178
178,12,14,Kazuma Okamoto,TOR,179
179,12,15,Alejandro Kirk,TOR,180
180,13,1,Xander Bogaerts,SD,181
181,13,2,Gabriel Moreno,ARZ,182
182,13,3,Ranger Suarez,BOS,183
183,13,4,Ivan Herrera,STL,184
184,13,5,Seranthony Dominguez,CWS,185
185,13,6,Matt McLain,CIN,186
186,13,7,Dylan Crews,WAS,187
187,13,8,Isaac Paredes,HOU,188
188,13,9,Bryson Stott,PHI,189
189,13,10,Addison Barger,TOR,190
190,13,11,Munetaka Murakami,CWS,191
191,13,12,Edward Cabrera,CHC,192
192,13,13,MacKenzie Gore,TEX,193
193,13,14,Jorge Polanco,NYM,194
194,13,15,Sal Stewart,CIN,195
195,14,1,JJ Wetherholt,STL,196
196,14,2,Shane Baz,BAL,197
197,14,3,Jose Caballero,NYY,198
198,14,4,Shane McClanahan,TB,199
199,14,5,Aaron Nola,PHI,200
200,14,6,Tanner Bibee,CLE,201
201,14,7,Kyle Teel,CWS,202
202,14,8,Bryan Abreu,HOU,203
203,14,9,Jack Flaherty,DET,204
204,14,10,Kevin McGonigle,DET,205
205,14,11,Shota Imanaga,CHC,206
206,14,12,Andrew Abbott,CIN,207
207,14,13,Ian Happ,CHC,208
208,14,14,Willson Contreras,BOS,209
209,14,15,J.T. Realmuto,PHI,210
210,15,1,Heliot Ramos,SF,211
211,15,2,Sal Frelick,MLW,212
212,15,3,Kris Bubic,KC,213
213,15,4,Daylen Lile,WAS,214
214,15,5,Bryan Reynolds,PIT,215
215,15,6,Blake Snell,LAD,216
216,15,7,Spencer Torkelson,DET,217
217,15,8,Daulton Varsho,TOR,218
218,15,9,Kyle Manzardo,CLE,219
219,15,10,Wilyer Abreu,BOS,220
220,15,11,Jonathan Aranda,TB,221
221,15,12,Christian Walker,HOU,222
222,15,13,Carlos Rodon,NYY,223
223,15,14,Adolis Garcia,PHI,224
224,15,15,Kerry Carpenter,DET,225
225,16,12,Matthew Boyd,CHC,226
226,16,13,Mike Burrows,HOU,227
227,16,14,Marcus Semien,NYM,228
228,16,15,Royce Lewis,MIN,229
0,1,1,Shohei Ohtani,LAD,1
1,1,2,Aaron Judge,NYY,2
2,1,3,Bobby Witt Jr.,KC,3
3,1,4,Juan Soto,NYM,4
4,1,5,Tarik Skubal,DET,5
5,1,6,Ronald Acuna Jr.,ATL,6
6,1,7,Jose Ramirez,CLE,7
7,1,8,Elly De La Cruz,CIN,8
8,1,9,Kyle Tucker,LAD,9
9,1,10,Julio Rodriguez,SEA,10
10,1,11,Corbin Carroll,ARZ,11
11,1,12,Fernando Tatis Jr.,SD,12
12,1,13,Paul Skenes,PIT,13
13,1,14,Garrett Crochet,BOS,14
14,1,15,Cal Raleigh,SEA,15
15,2,1,Gunnar Henderson,BAL,16
16,2,2,Junior Caminero,TB,17
17,2,3,Jackson Chourio,MLW,18
18,2,4,Kyle Schwarber,PHI,19
19,2,5,Vladimir Guerrero Jr.,TOR,20
20,2,6,Nick Kurtz,ATH,21
21,2,7,Pete Alonso,BAL,22
22,2,8,Jazz Chisholm Jr.,NYY,23
23,2,9,Trea Turner,PHI,24
24,2,10,Mason Miller,SD,25
25,2,11,Hunter Brown,HOU,26
26,2,12,Yoshinobu Yamamoto,LAD,27
27,2,13,Cristopher Sanchez,PHI,28
28,2,14,Francisco Lindor,NYM,29
29,2,15,Zach Neto,LAA,30
30,3,1,Logan Gilbert,SEA,31
31,3,2,Bryan Woo,SEA,32
32,3,3,Cade Smith,CLE,33
33,3,4,Brent Rooker,ATH,34
34,3,5,Edwin Diaz,LAD,35
35,3,6,Ketel Marte,ARZ,36
36,3,7,Andres Munoz,SEA,37
37,3,8,James Wood,WAS,38
38,3,9,Jhoan Duran,PHI,39
39,3,10,Yordan Alvarez,HOU,40
40,3,11,Pete Crow-Armstrong,CHC,41
41,3,12,Chris Sale,ATL,42
42,3,13,Wyatt Langford,TEX,43
43,3,14,Hunter Greene,CIN,44
44,3,15,Manny Machado,SD,45
45,4,1,Cole Ragans,KC,46
46,4,2,Jacob deGrom,TEX,47
47,4,3,David Bednar,NYY,48
48,4,4,Bryce Harper,PHI,49
49,4,5,Max Fried,NYY,50
50,4,6,Brice Turang,MLW,51
51,4,7,Aroldis Chapman,BOS,52
52,4,8,Logan Webb,SF,53
53,4,9,Matt Olson,ATL,54
54,4,10,Freddy Peralta,NYM,55
55,4,11,CJ Abrams,WAS,56
56,4,12,Shea Langeliers,ATH,57
57,4,13,Ben Rice,NYY,58
58,4,14,Josh Naylor,SEA,59
59,4,15,Freddie Freeman,LAD,60
60,5,1,Maikel Garcia,KC,61
61,5,2,Joe Ryan,MIN,62
62,5,3,Roman Anthony,BOS,63
63,5,4,George Kirby,SEA,64
64,5,5,Austin Riley,ATL,65
65,5,6,Mookie Betts,LAD,66
66,5,7,Dylan Cease,TOR,67
67,5,8,Rafael Devers,SF,68
68,5,9,Jackson Merrill,SD,69
69,5,10,William Contreras,MLW,70
70,5,11,Devin Williams,NYM,71
71,5,12,Geraldo Perdomo,ARZ,72
72,5,13,Byron Buxton,MIN,73
73,5,14,Cody Bellinger,NYY,74
74,5,15,Vinnie Pasquantino,KC,75
75,6,1,Jarren Duran,BOS,76
76,6,2,Eury Perez,MIA,77
77,6,3,Hunter Goodman,COL,78
78,6,4,Framber Valdez,DET,79
79,6,5,Jesus Luzardo,PHI,80
80,6,6,Kyle Bradish,BAL,81
81,6,7,Ryan Helsley,BAL,82
82,6,8,Raisel Iglesias,ATL,83
83,6,9,Seiya Suzuki,CHC,84
84,6,10,Eugenio Suarez,CIN,85
85,6,11,Drake Baldwin,ATL,86
86,6,12,Riley Greene,DET,87
87,6,13,Nolan McLean,NYM,88
88,6,14,Salvador Perez,KC,89
89,6,15,Agustin Ramirez,MIA,90
90,7,1,George Springer,TOR,91
91,7,2,Randy Arozarena,SEA,92
92,7,3,Nico Hoerner,CHC,93
93,7,4,Tyler Soderstrom,ATH,94
94,7,5,Oneil Cruz,PIT,95
95,7,6,Michael Busch,CHC,96
96,7,7,Will Smith,LAD,97
97,7,8,Michael Harris II,ATL,98
98,7,9,Corey Seager,TEX,99
99,7,10,Jeff Hoffman,TOR,100
100,7,11,Chase Burns,CIN,101
101,7,12,Daniel Palencia,CHC,102
102,7,13,Pete Fairbanks,MIA,103
103,7,14,Bo Bichette,NYM,104
104,7,15,Trevor Megill,MLW,105
105,8,1,Carlos Estevez,KC,106
106,8,2,Trevor Story,BOS,107
107,8,3,Jeremy Pena,HOU,108
108,8,4,Nick Pivetta,SD,109
109,8,5,Tyler Glasnow,LAD,110
110,8,6,Josh Hader,HOU,111
111,8,7,Spencer Strider,ATL,112
112,8,8,Kenley Jansen,DET,113
113,8,9,Kevin Gausman,TOR,114
114,8,10,Emilio Pagan,CIN,115
115,8,11,Yainer Diaz,HOU,116
116,8,12,Alex Bregman,CHC,117
117,8,13,Sonny Gray,BOS,118
118,8,14,Matt Chapman,SF,119
119,8,15,Luis Robert Jr.,NYM,120
120,9,1,Brandon Nimmo,TEX,121
121,9,2,Teoscar Hernandez,LAD,122
122,9,3,Dennis Santana,PIT,123
123,9,4,Willy Adames,SF,124
124,9,5,Christian Yelich,MLW,125
125,9,6,Jakob Marsee,MIA,126
126,9,7,Dansby Swanson,CHC,127
127,9,8,Emmet Sheehan,LAD,128
128,9,9,Jo Adell,LAA,129
129,9,10,Nick Lodolo,CIN,130
130,9,11,Ceddanne Rafaela,BOS,131
131,9,12,Jose Altuve,HOU,132
132,9,13,Brandon Woodruff,MLW,133
133,9,14,Ryan Pepiot,TB,134
134,9,15,Luke Keaschall,MIN,135
135,10,1,Andy Pages,LAD,136
136,10,2,Konnor Griffin,PIT,137
137,10,3,Nathan Eovaldi,TEX,138
138,10,4,Ian Happ,CHC,139
139,10,5,Yandy Diaz,TB,140
140,10,6,Zack Wheeler,PHI,141
141,10,7,Michael King,SD,142
142,10,8,Kyle Stowers,MIA,143
143,10,9,Taylor Ward,BAL,144
144,10,10,Jacob Misiorowski,MLW,145
145,10,11,Kevin McGonigle,DET,146
146,10,12,Cam Schlittler,NYY,147
147,10,13,Alec Burleson,STL,148
148,10,14,Drew Rasmussen,TB,149
149,10,15,Trevor Rogers,BAL,150
150,11,1,Ryan Walker,SF,151
151,11,2,Abner Uribe,MLW,152
152,11,3,Brenton Doyle,COL,153
153,11,4,Luis Castillo,SEA,154
154,11,5,Robbie Ray,SF,155
155,11,6,Griffin Jax,TB,156
156,11,7,Adley Rutschman,BAL,157
157,11,8,Alejandro Kirk,TOR,158
158,11,9,Noelvi Marte,CIN,159
159,11,10,MacKenzie Gore,TEX,160
160,11,11,Gabriel Moreno,ARZ,161
161,11,12,Francisco Alvarez,NYM,162
162,11,13,Jacob Wilson,ATH,163
163,11,14,Gavin Williams,CLE,164
164,11,15,Bryan Reynolds,PIT,165
165,12,1,Steven Kwan,CLE,166
166,12,2,Matt McLain,CIN,167
167,12,3,Alec Bohm,PHI,168
168,12,4,Shota Imanaga,CHC,169
169,12,5,Ezequiel Tovar,COL,170
170,12,6,Chandler Simpson,TB,171
171,12,7,Ozzie Albies,ATL,172
172,12,8,Sandy Alcantara,MIA,173
173,12,9,Ranger Suarez,BOS,174
174,12,10,Samuel Basallo,BAL,175
175,12,11,Willson Contreras,BOS,176
176,12,12,Xavier Edwards,MIA,177
177,12,13,Kyle Teel,CWS,178
178,12,14,Spencer Torkelson,DET,179
179,12,15,Ivan Herrera,STL,180
180,13,1,Kazuma Okamoto,TOR,181
181,13,2,Tatsuya Imai,HOU,182
182,13,3,Blake Snell,LAD,183
183,13,4,Trey Yesavage,TOR,184
184,13,5,Jac Caglianone,KC,185
185,13,6,Kris Bubic,KC,186
186,13,7,Dylan Crews,WAS,187
187,13,8,Robert Suarez,ATL,188
188,13,9,Tanner Bibee,CLE,189
189,13,10,Sal Stewart,CIN,190
190,13,11,Bubba Chandler,PIT,191
191,13,12,Lawrence Butler,ATH,192
192,13,13,Jonathan Aranda,TB,193
193,13,14,Mike Trout,LAA,194
194,13,15,Carter Jensen,KC,195
195,14,1,Edward Cabrera,CHC,196
196,14,2,Royce Lewis,MIN,197
197,14,3,J.T. Realmuto,PHI,198
198,14,4,Isaac Paredes,HOU,199
199,14,5,Bryson Stott,PHI,200
200,14,6,Daulton Varsho,TOR,201
201,14,7,Logan O`Hoppe,LAA,202
202,14,8,Brandon Lowe,PIT,203
203,14,9,Bryan Abreu,HOU,204
204,14,10,Daylen Lile,WAS,205
205,14,11,Shane Baz,BAL,206
206,14,12,Seranthony Dominguez,CWS,207
207,14,13,Max Muncy,LAD,208
208,14,14,Jackson Holliday,BAL,209
209,14,15,Jose Caballero,NYY,210
210,15,1,Cade Horton,CHC,211
211,15,2,Gleyber Torres,DET,212
212,15,3,Christian Walker,HOU,213
213,15,4,Austin Wells,NYY,214
214,15,5,Aaron Nola,PHI,215
215,15,6,Carlos Rodon,NYY,216
216,15,7,Jack Flaherty,DET,217
217,15,8,Shane McClanahan,TB,218
218,15,9,Addison Barger,TOR,219
219,15,10,Jorge Polanco,NYM,220
220,15,11,Xander Bogaerts,SD,221
221,15,12,Marcus Semien,NYM,222
222,15,13,Heliot Ramos,SF,223
223,15,14,Jake Burger,TEX,224
224,15,15,Andrew Abbott,CIN,225
225,16,6,Zac Gallen,ARZ,226
226,16,7,Dillon Dingler,DET,227
227,16,8,Otto Lopez,MIA,228
228,16,9,Matthew Boyd,CHC,229
229,16,10,Mickey Moniak,COL,230
230,16,11,Colson Montgomery,CWS,231
231,16,12,Munetaka Murakami,CWS,232
232,16,13,Ryan Jeffers,MIN,233
233,16,14,Adolis Garcia,PHI,234
234,16,15,JJ Wetherholt,STL,235
0,1,1,Shohei Ohtani,LAD,1
1,1,2,Aaron Judge,NYY,2
2,1,3,Bobby Witt Jr.,KC,3
3,1,4,Tarik Skubal,DET,4
4,1,5,Juan Soto,NYM,5
5,1,6,Ronald Acuna Jr.,ATL,6
6,1,7,Julio Rodriguez,SEA,7
7,1,8,Elly De La Cruz,CIN,8
8,1,9,Jose Ramirez,CLE,9
9,1,10,Paul Skenes,PIT,10
10,1,11,Kyle Tucker,LAD,11
11,1,12,Gunnar Henderson,BAL,12
12,1,13,Garrett Crochet,BOS,13
13,1,14,Fernando Tatis Jr.,SD,14
14,1,15,Corbin Carroll,ARZ,15
15,2,1,Junior Caminero,TB,16
16,2,2,Cal Raleigh,SEA,17
17,2,3,Vladimir Guerrero Jr.,TOR,18
18,2,4,Jackson Chourio,MLW,19
19,2,5,Nick Kurtz,ATH,20
20,2,6,Kyle Schwarber,PHI,21
21,2,7,Jazz Chisholm Jr.,NYY,22
22,2,8,Pete Alonso,BAL,23
23,2,9,Mason Miller,SD,24
24,2,10,Trea Turner,PHI,25
25,2,11,Edwin Diaz,LAD,26
26,2,12,Yoshinobu Yamamoto,LAD,27
27,2,13,Andres Munoz,SEA,28
28,2,14,Zach Neto,LAA,29
29,2,15,James Wood,WAS,30
30,3,1,Wyatt Langford,TEX,31
31,3,2,Francisco Lindor,NYM,32
32,3,3,Manny Machado,SD,33
33,3,4,Cade Smith,CLE,34
34,3,5,Yordan Alvarez,HOU,35
35,3,6,Jhoan Duran,PHI,36
36,3,7,Cristopher Sanchez,PHI,37
37,3,8,Pete Crow-Armstrong,CHC,38
38,3,9,Bryan Woo,SEA,39
39,3,10,Ketel Marte,ARZ,40
40,3,11,Mookie Betts,LAD,41
41,3,12,Brent Rooker,ATH,42
42,3,13,Chris Sale,ATL,43
43,3,14,Logan Gilbert,SEA,44
44,3,15,Bryce Harper,PHI,45
45,4,1,Max Fried,NYY,46
46,4,2,Matt Olson,ATL,47
47,4,3,Devin Williams,NYM,48
48,4,4,Josh Naylor,SEA,49
49,4,5,Roman Anthony,BOS,50
50,4,6,David Bednar,NYY,51
51,4,7,William Contreras,MLW,52
52,4,8,Austin Riley,ATL,53
53,4,9,Shea Langeliers,ATH,54
54,4,10,Hunter Brown,HOU,55
55,4,11,Hunter Greene,CIN,56
56,4,12,Freddy Peralta,NYM,57
57,4,13,Cole Ragans,KC,58
58,4,14,Aroldis Chapman,BOS,59
59,4,15,Logan Webb,SF,60
60,5,1,Dylan Cease,TOR,61
61,5,2,Ben Rice,NYY,62
62,5,3,Rafael Devers,SF,63
63,5,4,Ryan Helsley,BAL,64
64,5,5,Maikel Garcia,KC,65
65,5,6,Jacob deGrom,TEX,66
66,5,7,Freddie Freeman,LAD,67
67,5,8,Eury Perez,MIA,68
68,5,9,Jackson Merrill,SD,69
69,5,10,George Kirby,SEA,70
70,5,11,Brice Turang,MLW,71
71,5,12,Daniel Palencia,CHC,72
72,5,13,Jarren Duran,BOS,73
73,5,14,Kyle Bradish,BAL,74
74,5,15,Joe Ryan,MIN,75
75,6,1,Hunter Goodman,COL,76
76,6,2,Raisel Iglesias,ATL,77
77,6,3,Byron Buxton,MIN,78
78,6,4,Kevin Gausman,TOR,79
79,6,5,Nick Pivetta,SD,80
80,6,6,CJ Abrams,WAS,81
81,6,7,Riley Greene,DET,82
82,6,8,Oneil Cruz,PIT,83
83,6,9,Jesus Luzardo,PHI,84
84,6,10,Vinnie Pasquantino,KC,85
85,6,11,Framber Valdez,DET,86
86,6,12,Randy Arozarena,SEA,87
87,6,13,Drake Baldwin,ATL,88
88,6,14,Salvador Perez,KC,89
89,6,15,Nolan McLean,NYM,90
90,7,1,Chase Burns,CIN,91
91,7,2,Cody Bellinger,NYY,92
92,7,3,Nick Lodolo,CIN,93
93,7,4,Nico Hoerner,CHC,94
94,7,5,Will Smith,LAD,95
95,7,6,Agustin Ramirez,MIA,96
96,7,7,Emilio Pagan,CIN,97
97,7,8,Jacob Misiorowski,MLW,98
98,7,9,Jeff Hoffman,TOR,99
99,7,10,Bo Bichette,NYM,100
100,7,11,Ryan Pepiot,TB,101
101,7,12,Sonny Gray,BOS,102
102,7,13,Seiya Suzuki,CHC,103
103,7,14,Jeremy Pena,HOU,104
104,7,15,Corey Seager,TEX,105
105,8,1,Jose Altuve,HOU,106
106,8,2,Eugenio Suarez,CIN,107
107,8,3,Emmet Sheehan,LAD,108
108,8,4,Nathan Eovaldi,TEX,109
109,8,5,Alex Bregman,CHC,110
110,8,6,Tyler Soderstrom,ATH,111
111,8,7,Geraldo Perdomo,ARZ,112
112,8,8,Trevor Rogers,BAL,113
113,8,9,George Springer,TOR,114
114,8,10,Yainer Diaz,HOU,115
115,8,11,Michael Harris II,ATL,116
116,8,12,Trevor Story,BOS,117
117,8,13,Teoscar Hernandez,LAD,118
118,8,14,Tyler Glasnow,LAD,119
119,8,15,Spencer Strider,ATL,120
120,9,1,Abner Uribe,MLW,121
121,9,2,Zack Wheeler,PHI,122
122,9,3,Luke Keaschall,MIN,123
123,9,4,Christian Yelich,MLW,124
124,9,5,Drew Rasmussen,TB,125
125,9,6,Ceddanne Rafaela,BOS,126
126,9,7,Willy Adames,SF,127
127,9,8,Jo Adell,LAA,128
128,9,9,Sandy Alcantara,MIA,129
129,9,10,Cam Schlittler,NYY,130
130,9,11,Pete Fairbanks,MIA,131
131,9,12,Jakob Marsee,MIA,132
132,9,13,Luis Robert Jr.,NYM,133
133,9,14,Michael Busch,CHC,134
134,9,15,Josh Hader,HOU,135
135,10,1,Andy Pages,LAD,136
136,10,2,Taylor Ward,BAL,137
137,10,3,Dansby Swanson,CHC,138
138,10,4,Brandon Woodruff,MLW,139
139,10,5,Michael King,SD,140
140,10,6,Noelvi Marte,CIN,141
141,10,7,Kyle Stowers,MIA,142
142,10,8,Konnor Griffin,PIT,143
143,10,9,Yandy Diaz,TB,144
144,10,10,Ryan Walker,SF,145
145,10,11,Brandon Nimmo,TEX,146
146,10,12,Kenley Jansen,DET,147
147,10,13,Bubba Chandler,PIT,148
148,10,14,Matt Chapman,SF,149
149,10,15,Jac Caglianone,KC,150
150,11,1,Kazuma Okamoto,TOR,151
151,11,2,Luis Castillo,SEA,152
152,11,3,Brenton Doyle,COL,153
153,11,4,Chandler Simpson,TB,154
154,11,5,Tatsuya Imai,HOU,155
155,11,6,Alec Burleson,STL,156
156,11,7,Shota Imanaga,CHC,157
157,11,8,Sal Stewart,CIN,158
158,11,9,Edward Cabrera,CHC,159
159,11,10,Carlos Estevez,KC,160
160,11,11,Alejandro Kirk,TOR,161
161,11,12,Brandon Lowe,PIT,162
162,11,13,Dennis Santana,PIT,163
163,11,14,Cade Horton,CHC,164
164,11,15,Trevor Megill,MLW,165
165,12,1,Griffin Jax,TB,166
166,12,2,Robert Suarez,ATL,167
167,12,3,Willson Contreras,BOS,168
168,12,4,Gabriel Moreno,ARZ,169
169,12,5,Robbie Ray,SF,170
170,12,6,Trey Yesavage,TOR,171
171,12,7,Gavin Williams,CLE,172
172,12,8,Bryan Abreu,HOU,173
173,12,9,Bryson Stott,PHI,174
174,12,10,Matt McLain,CIN,175
175,12,11,Jonathan Aranda,TB,176
176,12,12,Mike Trout,LAA,177
177,12,13,MacKenzie Gore,TEX,178
178,12,14,Seranthony Dominguez,CWS,179
179,12,15,Adley Rutschman,BAL,180
180,13,1,Samuel Basallo,BAL,181
181,13,2,Tanner Bibee,CLE,182
182,13,3,Daulton Varsho,TOR,183
183,13,4,Xavier Edwards,MIA,184
184,13,5,Ezequiel Tovar,COL,185
185,13,6,Blake Snell,LAD,186
186,13,7,Adolis Garcia,PHI,187
187,13,8,JJ Wetherholt,STL,188
188,13,9,Steven Kwan,CLE,189
189,13,10,Spencer Torkelson,DET,190
190,13,11,Addison Barger,TOR,191
191,13,12,Ramon Laureano,SD,192
192,13,13,Aaron Nola,PHI,193
193,13,14,Ian Happ,CHC,194
194,13,15,Jackson Holliday,BAL,195
195,14,1,Ivan Herrera,STL,196
196,14,2,Francisco Alvarez,NYM,197
197,14,3,Kyle Teel,CWS,198
198,14,4,Jose Caballero,NYY,199
199,14,5,Kerry Carpenter,DET,200
200,14,6,Carter Jensen,KC,201
201,14,7,Ozzie Albies,ATL,202
202,14,8,Shane McClanahan,TB,203
203,14,9,J.T. Realmuto,PHI,204
204,14,10,Lawrence Butler,ATH,205
205,14,11,Xander Bogaerts,SD,206
206,14,12,Dylan Crews,WAS,207
207,14,13,Jorge Polanco,NYM,208
208,14,14,Gleyber Torres,DET,209
209,14,15,Jacob Wilson,ATH,210
210,15,1,Munetaka Murakami,CWS,211
211,15,2,Kris Bubic,KC,212
212,15,3,Matthew Boyd,CHC,213
213,15,4,Trent Grisham,NYY,214
214,15,5,Ryan Jeffers,MIN,215
215,15,6,Christian Walker,HOU,216
216,15,7,Jack Flaherty,DET,217
217,15,8,Kevin McGonigle,DET,218
218,15,9,Jake Burger,TEX,219
219,15,10,Carson Benge,NYM,220
220,15,11,Colson Montgomery,CWS,221
221,15,12,Kyle Manzardo,CLE,222
222,15,13,Max Muncy,LAD,223
223,15,14,Otto Lopez,MIA,224
224,15,15,Andrew Abbott,CIN,225
225,16,1,Ryan Weathers,NYY,226
226,16,2,Shane Baz,BAL,227
227,16,3,Marcus Semien,NYM,228
228,16,4,Wilyer Abreu,BOS,229
229,16,5,Ryne Nelson,ARZ,230
230,16,6,Zebby Matthews,MIN,231
231,16,7,Ranger Suarez,BOS,232
232,16,8,Justin Crawford,PHI,233
233,16,9,Heliot Ramos,SF,234
234,16,10,Joe Musgrove,SD,235
235,16,11,Bryce Miller,SEA,236
236,16,12,Dillon Dingler,DET,237
237,16,13,Bryan Reynolds,PIT,238
238,16,14,Zac Gallen,ARZ,239
239,16,15,Spencer Horwitz,PIT,240
240,17,1,Robert Garcia,TEX,241
241,17,2,Royce Lewis,MIN,242
242,17,3,Carlos Rodon,NYY,243
243,17,4,Austin Wells,NYY,244
244,17,5,Braxton Ashcraft,PIT,245
245,17,6,Alec Bohm,PHI,246
246,17,7,Caleb Durbin,BOS,247
247,17,8,Andrew Painter,PHI,248
248,17,9,Mickey Moniak,COL,249
249,17,10,Sal Frelick,MLW,250
250,17,11,Tyler Stephenson,CIN,251
251,17,12,Shane Smith,CWS,252
252,17,13,Logan Henderson,MLW,253
253,17,14,Daylen Lile,WAS,254
254,17,15,Jordan Beck,COL,255
255,18,5,Luis Arraez,SF,256
256,18,6,Joey Cantillo,CLE,257
257,18,7,Mike Burrows,HOU,258
258,18,8,Brayan Bello,BOS,259
259,18,9,Colton Cowser,BAL,260
260,18,10,Clayton Beeter,WAS,261
261,18,11,Noah Cameron,KC,262
262,18,12,Riley O`Brien,STL,263
263,18,13,Kodai Senga,NYM,264
264,18,14,Grayson Rodriguez,LAA,265
265,18,15,Luis Garcia Jr.,WAS,266
0,1,1,Shohei Ohtani,LAD,1
1,1,2,Aaron Judge,NYY,2
2,1,3,Bobby Witt Jr.,KC,3
3,1,4,Ronald Acuna Jr.,ATL,4
4,1,5,Tarik Skubal,DET,5
5,1,6,Juan Soto,NYM,6
6,1,7,Jose Ramirez,CLE,7
7,1,8,Paul Skenes,PIT,8
8,1,9,Elly De La Cruz,CIN,9
9,1,10,Julio Rodriguez,SEA,10
10,1,11,Garrett Crochet,BOS,11
11,1,12,Junior Caminero,TB,12
12,1,13,Kyle Tucker,LAD,13
13,1,14,Cristopher Sanchez,PHI,14
14,1,15,Fernando Tatis Jr.,SD,15
15,2,1,Gunnar Henderson,BAL,16
16,2,2,Chris Sale,ATL,17
17,2,3,Vladimir Guerrero Jr.,TOR,18
18,2,4,Corbin Carroll,ARZ,19
19,2,5,Jackson Chourio,MLW,20
20,2,6,Jazz Chisholm Jr.,NYY,21
21,2,7,Yoshinobu Yamamoto,LAD,22
22,2,8,Cal Raleigh,SEA,23
23,2,9,Nick Kurtz,ATH,24
24,2,10,Pete Alonso,BAL,25
25,2,11,Kyle Schwarber,PHI,26
26,2,12,Francisco Lindor,NYM,27
27,2,13,Trea Turner,PHI,28
28,2,14,Zach Neto,LAA,29
29,2,15,Mason Miller,SD,30
30,3,1,Hunter Brown,HOU,31
31,3,2,Bryan Woo,SEA,32
32,3,3,Logan Gilbert,SEA,33
33,3,4,Edwin Diaz,LAD,34
34,3,5,Pete Crow-Armstrong,CHC,35
35,3,6,Cade Smith,CLE,36
36,3,7,Andres Munoz,SEA,37
37,3,8,Jhoan Duran,PHI,38
38,3,9,Jacob deGrom,TEX,39
39,3,10,David Bednar,NYY,40
40,3,11,Devin Williams,NYM,41
41,3,12,Ketel Marte,ARZ,42
42,3,13,Yordan Alvarez,HOU,43
43,3,14,Brent Rooker,ATH,44
44,3,15,James Wood,WAS,45
45,4,1,Rafael Devers,SF,46
46,4,2,Bryce Harper,PHI,47
47,4,3,Hunter Greene,CIN,48
48,4,4,Cole Ragans,KC,49
49,4,5,Wyatt Langford,TEX,50
50,4,6,Manny Machado,SD,51
51,4,7,Aroldis Chapman,BOS,52
52,4,8,CJ Abrams,WAS,53
53,4,9,William Contreras,MLW,54
54,4,10,Freddy Peralta,NYM,55
55,4,11,Logan Webb,SF,56
56,4,12,Max Fried,NYY,57
57,4,13,Ben Rice,NYY,58
58,4,14,Matt Olson,ATL,59
59,4,15,Brice Turang,MLW,60
60,5,1,Roman Anthony,BOS,61
61,5,2,Shea Langeliers,ATH,62
62,5,3,Maikel Garcia,KC,63
63,5,4,Hunter Goodman,COL,64
64,5,5,Josh Naylor,SEA,65
65,5,6,Mookie Betts,LAD,66
66,5,7,Josh Hader,HOU,67
67,5,8,George Kirby,SEA,68
68,5,9,Freddie Freeman,LAD,69
69,5,10,Jesus Luzardo,PHI,70
70,5,11,Austin Riley,ATL,71
71,5,12,Vinnie Pasquantino,KC,72
72,5,13,Dylan Cease,TOR,73
73,5,14,Drake Baldwin,ATL,74
74,5,15,Joe Ryan,MIN,75
75,6,1,Framber Valdez,DET,76
76,6,2,Riley Greene,DET,77
77,6,3,Agustin Ramirez,MIA,78
78,6,4,Jackson Merrill,SD,79
79,6,5,Ryan Helsley,BAL,80
80,6,6,Kyle Bradish,BAL,81
81,6,7,Cody Bellinger,NYY,82
82,6,8,Jarren Duran,BOS,83
83,6,9,Geraldo Perdomo,ARZ,84
84,6,10,Byron Buxton,MIN,85
85,6,11,Raisel Iglesias,ATL,86
86,6,12,Eury Perez,MIA,87
87,6,13,Michael Harris II,ATL,88
88,6,14,Randy Arozarena,SEA,89
89,6,15,Seiya Suzuki,CHC,90
90,7,1,Nolan McLean,NYM,91
91,7,2,Kenley Jansen,DET,92
92,7,3,Tyler Soderstrom,ATH,93
93,7,4,Christian Yelich,MLW,94
94,7,5,George Springer,TOR,95
95,7,6,Nick Pivetta,SD,96
96,7,7,Corey Seager,TEX,97
97,7,8,Salvador Perez,KC,98
98,7,9,Eugenio Suarez,CIN,99
99,7,10,Bo Bichette,NYM,100
100,7,11,Chase Burns,CIN,101
101,7,12,Carlos Estevez,KC,102
102,7,13,Nico Hoerner,CHC,103
103,7,14,Jeff Hoffman,TOR,104
104,7,15,Will Smith,LAD,105
105,8,1,Emilio Pagan,CIN,106
106,8,2,Dansby Swanson,CHC,107
107,8,3,Trevor Megill,MLW,108
108,8,4,Daniel Palencia,CHC,109
109,8,5,Willy Adames,SF,110
110,8,6,Pete Fairbanks,MIA,111
111,8,7,Oneil Cruz,PIT,112
112,8,8,Luis Robert Jr.,NYM,113
113,8,9,Kyle Stowers,MIA,114
114,8,10,Spencer Strider,ATL,115
115,8,11,Yainer Diaz,HOU,116
116,8,12,Alex Bregman,CHC,117
117,8,13,Andy Pages,LAD,118
118,8,14,Tyler Glasnow,LAD,119
119,8,15,Trevor Story,BOS,120
120,9,1,Kevin Gausman,TOR,121
121,9,2,Michael King,SD,122
122,9,3,Bubba Chandler,PIT,123
123,9,4,Luke Keaschall,MIN,124
124,9,5,Dennis Santana,PIT,125
125,9,6,Ceddanne Rafaela,BOS,126
126,9,7,Jose Altuve,HOU,127
127,9,8,Emmet Sheehan,LAD,128
128,9,9,Cam Schlittler,NYY,129
129,9,10,Michael Busch,CHC,130
130,9,11,Yandy Diaz,TB,131
131,9,12,Jeremy Pena,HOU,132
132,9,13,Ryan Pepiot,TB,133
133,9,14,Teoscar Hernandez,LAD,134
134,9,15,Ozzie Albies,ATL,135
135,10,1,Nick Lodolo,CIN,136
136,10,2,Luis Garcia Jr.,WAS,137
137,10,3,Abner Uribe,MLW,138
138,10,4,Zack Wheeler,PHI,139
139,10,5,Konnor Griffin,PIT,140
140,10,6,Jo Adell,LAA,141
141,10,7,Brandon Nimmo,TEX,142
142,10,8,Jakob Marsee,MIA,143
143,10,9,Brandon Woodruff,MLW,144
144,10,10,Taylor Ward,BAL,145
145,10,11,Brenton Doyle,COL,146
146,10,12,Sandy Alcantara,MIA,147
147,10,13,Ryan Walker,SF,148
148,10,14,Sonny Gray,BOS,149
149,10,15,Alejandro Kirk,TOR,150
150,11,1,Steven Kwan,CLE,151
151,11,2,Nathan Eovaldi,TEX,152
152,11,3,Jacob Misiorowski,MLW,153
153,11,4,Jac Caglianone,KC,154
154,11,5,Matt Chapman,SF,155
155,11,6,Adley Rutschman,BAL,156
156,11,7,Blake Snell,LAD,157
157,11,8,Luis Castillo,SEA,158
158,11,9,Trevor Rogers,BAL,159
159,11,10,Drew Rasmussen,TB,160
160,11,11,Francisco Alvarez,NYM,161
161,11,12,Chandler Simpson,TB,162
162,11,13,Noelvi Marte,CIN,163
163,11,14,Ivan Herrera,STL,164
164,11,15,Shota Imanaga,CHC,165
165,12,1,Gabriel Moreno,ARZ,166
166,12,2,Sal Stewart,CIN,167
167,12,3,Lawrence Butler,ATH,168
168,12,4,Gavin Williams,CLE,169
169,12,5,Tatsuya Imai,HOU,170
170,12,6,Dylan Crews,WAS,171
171,12,7,Robbie Ray,SF,172
172,12,8,Griffin Jax,TB,173
173,12,9,Samuel Basallo,BAL,174
174,12,10,MacKenzie Gore,TEX,175
175,12,11,Ranger Suarez,BOS,176
176,12,12,Jonathan Aranda,TB,177
177,12,13,Carter Jensen,KC,178
178,12,14,Bryan Abreu,HOU,179
179,12,15,Spencer Torkelson,DET,180
180,13,1,Kyle Teel,CWS,181
181,13,2,Alec Burleson,STL,182
182,13,3,Shane McClanahan,TB,183
183,13,4,Cade Horton,CHC,184
184,13,5,Bryson Stott,PHI,185
185,13,6,Ian Happ,CHC,186
186,13,7,Matt McLain,CIN,187
187,13,8,Jacob Wilson,ATH,188
188,13,9,Brandon Lowe,PIT,189
189,13,10,Edward Cabrera,CHC,190
190,13,11,Trey Yesavage,TOR,191
191,13,12,Aaron Nola,PHI,192
192,13,13,Xavier Edwards,MIA,193
193,13,14,Robert Suarez,ATL,194
194,13,15,Seranthony Dominguez,CWS,195
195,14,1,Daulton Varsho,TOR,196
196,14,2,Jack Flaherty,DET,197
197,14,3,Tanner Bibee,CLE,198
198,14,4,Shane Baz,BAL,199
199,14,5,Heliot Ramos,SF,200
200,14,6,Addison Barger,TOR,201
201,14,7,Kris Bubic,KC,202
202,14,8,Willson Contreras,BOS,203
203,14,9,Sal Frelick,MLW,204
204,14,10,Christian Walker,HOU,205
205,14,11,Zac Gallen,ARZ,206
206,14,12,Isaac Paredes,HOU,207
207,14,13,Daylen Lile,WAS,208
208,14,14,Jose Caballero,NYY,209
209,14,15,Kazuma Okamoto,TOR,210
210,15,1,Munetaka Murakami,CWS,211
211,15,2,Mickey Moniak,COL,212
212,15,3,Robert Garcia,TEX,213
213,15,4,Bryan Reynolds,PIT,214
214,15,5,Ryan Jeffers,MIN,215
215,15,6,Royce Lewis,MIN,216
216,15,7,Matthew Boyd,CHC,217
217,15,8,Gleyber Torres,DET,218
218,15,9,J.T. Realmuto,PHI,219
219,15,10,Austin Wells,NYY,220
220,15,11,Otto Lopez,MIA,221
0,1,1,Bobby Witt Jr.,KC,1
1,1,2,Aaron Judge,NYY,2
2,1,3,Shohei Ohtani,LAD,3
3,1,4,Juan Soto,NYM,4
4,1,5,Ronald Acuna Jr.,ATL,5
5,1,6,Jose Ramirez,CLE,6
6,1,7,Elly De La Cruz,CIN,7
7,1,8,Kyle Tucker,LAD,8
8,1,9,Tarik Skubal,DET,9
9,1,10,Corbin Carroll,ARZ,10
10,1,11,Paul Skenes,PIT,11
11,1,12,Fernando Tatis Jr.,SD,12
12,1,13,Julio Rodriguez,SEA,13
13,1,14,Gunnar Henderson,BAL,14
14,1,15,Jackson Chourio,MLW,15
15,2,1,Jazz Chisholm Jr.,NYY,16
16,2,2,Vladimir Guerrero Jr.,TOR,17
17,2,3,Garrett Crochet,BOS,18
18,2,4,Junior Caminero,TB,19
19,2,5,Nick Kurtz,ATH,20
20,2,6,Ketel Marte,ARZ,21
21,2,7,Cal Raleigh,SEA,22
22,2,8,Trea Turner,PHI,23
23,2,9,Manny Machado,SD,24
24,2,10,Andres Munoz,SEA,25
25,2,11,Francisco Lindor,NYM,26
26,2,12,Zach Neto,LAA,27
27,2,13,Pete Alonso,BAL,28
28,2,14,Kyle Schwarber,PHI,29
29,2,15,Mason Miller,SD,30
30,3,1,Hunter Brown,HOU,31
31,3,2,Pete Crow-Armstrong,CHC,32
32,3,3,Yoshinobu Yamamoto,LAD,33
33,3,4,Yordan Alvarez,HOU,34
34,3,5,James Wood,WAS,35
35,3,6,Cristopher Sanchez,PHI,36
36,3,7,Cade Smith,CLE,37
37,3,8,Brent Rooker,ATH,38
38,3,9,Edwin Diaz,LAD,39
39,3,10,Mookie Betts,LAD,40
40,3,11,Bryce Harper,PHI,41
41,3,12,Cole Ragans,KC,42
42,3,13,Jhoan Duran,PHI,43
43,3,14,Bryan Woo,SEA,44
44,3,15,Hunter Greene,CIN,45
45,4,1,William Contreras,MLW,46
46,4,2,Wyatt Langford,TEX,47
47,4,3,Chris Sale,ATL,48
48,4,4,Devin Williams,NYM,49
49,4,5,Brice Turang,MLW,50
50,4,6,Riley Greene,DET,51
51,4,7,Maikel Garcia,KC,52
52,4,8,Max Fried,NYY,53
53,4,9,Logan Gilbert,SEA,54
54,4,10,Jacob deGrom,TEX,55
55,4,11,Matt Olson,ATL,56
56,4,12,Freddy Peralta,NYM,57
57,4,13,Shea Langeliers,ATH,58
58,4,14,Freddie Freeman,LAD,59
59,4,15,Josh Naylor,SEA,60
60,5,1,Jackson Merrill,SD,61
61,5,2,Geraldo Perdomo,ARZ,62
62,5,3,Roman Anthony,BOS,63
63,5,4,George Kirby,SEA,64
64,5,5,Ben Rice,NYY,65
65,5,6,CJ Abrams,WAS,66
66,5,7,Rafael Devers,SF,67
67,5,8,David Bednar,NYY,68
68,5,9,Jarren Duran,BOS,69
69,5,10,Austin Riley,ATL,70
70,5,11,Logan Webb,SF,71
71,5,12,Aroldis Chapman,BOS,72
72,5,13,Hunter Goodman,COL,73
73,5,14,Byron Buxton,MIN,74
74,5,15,Vinnie Pasquantino,KC,75
75,6,1,Agustin Ramirez,MIA,76
76,6,2,Josh Hader,HOU,77
77,6,3,Drake Baldwin,ATL,78
78,6,4,Kyle Bradish,BAL,79
79,6,5,Cody Bellinger,NYY,80
80,6,6,Will Smith,LAD,81
81,6,7,Joe Ryan,MIN,82
82,6,8,Bo Bichette,NYM,83
83,6,9,George Springer,TOR,84
84,6,10,Randy Arozarena,SEA,85
85,6,11,Eury Perez,MIA,86
86,6,12,Raisel Iglesias,ATL,87
87,6,13,Jeremy Pena,HOU,88
88,6,14,Jesus Luzardo,PHI,89
89,6,15,Framber Valdez,DET,90
90,7,1,Nico Hoerner,CHC,91
91,7,2,Dylan Cease,TOR,92
92,7,3,Tyler Soderstrom,ATH,93
93,7,4,Oneil Cruz,PIT,94
94,7,5,Eugenio Suarez,CIN,95
95,7,6,Corey Seager,TEX,96
96,7,7,Salvador Perez,KC,97
97,7,8,Seiya Suzuki,CHC,98
98,7,9,Michael Harris II,ATL,99
99,7,10,Mike Trout,LAA,100
100,7,11,Konnor Griffin,PIT,101
101,7,12,Teoscar Hernandez,LAD,102
102,7,13,Trevor Story,BOS,103
103,7,14,Luis Robert Jr.,NYM,104
104,7,15,Ryan Helsley,BAL,105
105,8,1,Nolan McLean,NYM,106
106,8,2,Alex Bregman,CHC,107
107,8,3,Willy Adames,SF,108
108,8,4,Chase Burns,CIN,109
109,8,5,Luke Keaschall,MIN,110
110,8,6,Kevin McGonigle,DET,111
111,8,7,Michael Busch,CHC,112
112,8,8,Jose Altuve,HOU,113
113,8,9,Tyler Glasnow,LAD,114
114,8,10,Yainer Diaz,HOU,115
115,8,11,Nick Lodolo,CIN,116
116,8,12,Ceddanne Rafaela,BOS,117
117,8,13,Daniel Palencia,CHC,118
118,8,14,Nick Pivetta,SD,119
119,8,15,Spencer Strider,ATL,120
120,9,1,Noelvi Marte,CIN,121
121,9,2,Jeff Hoffman,TOR,122
122,9,3,Kevin Gausman,TOR,123
123,9,4,Yandy Diaz,TB,124
124,9,5,Emmet Sheehan,LAD,125
125,9,6,Andy Pages,LAD,126
126,9,7,Brandon Nimmo,TEX,127
127,9,8,Adley Rutschman,BAL,128
128,9,9,Dansby Swanson,CHC,129
129,9,10,Kyle Stowers,MIA,130
130,9,11,Sandy Alcantara,MIA,131
131,9,12,Christian Yelich,MLW,132
132,9,13,Jo Adell,LAA,133
133,9,14,Pete Fairbanks,MIA,134
134,9,15,Jakob Marsee,MIA,135
135,10,1,Chandler Simpson,TB,136
136,10,2,Ryan Pepiot,TB,137
137,10,3,Drew Rasmussen,TB,138
138,10,4,Taylor Ward,BAL,139
139,10,5,Steven Kwan,CLE,140
140,10,6,Zack Wheeler,PHI,141
141,10,7,Jacob Misiorowski,MLW,142
142,10,8,Matt McLain,CIN,143
143,10,9,Michael King,SD,144
144,10,10,Ozzie Albies,ATL,145
145,10,11,Carlos Estevez,KC,146
146,10,12,Alejandro Kirk,TOR,147
147,10,13,Emilio Pagan,CIN,148
148,10,14,Cam Schlittler,NYY,149
149,10,15,Trevor Rogers,BAL,150
150,11,1,Samuel Basallo,BAL,151
151,11,2,Carter Jensen,KC,152
152,11,3,Matt Chapman,SF,153
153,11,4,Alec Burleson,STL,154
154,11,5,Dennis Santana,PIT,155
155,11,6,Bubba Chandler,PIT,156
156,11,7,Kenley Jansen,DET,157
157,11,8,Ryan Walker,SF,158
158,11,9,Sonny Gray,BOS,159
159,11,10,Brandon Woodruff,MLW,160
160,11,11,Daylen Lile,WAS,161
161,11,12,Ezequiel Tovar,COL,162
162,11,13,Trevor Megill,MLW,163
163,11,14,MacKenzie Gore,TEX,164
164,11,15,Robbie Ray,SF,165
165,12,1,Jacob Wilson,ATH,166
166,12,2,Gabriel Moreno,ARZ,167
167,12,3,Brenton Doyle,COL,168
168,12,4,Bryson Stott,PHI,169
169,12,5,Ivan Herrera,STL,170
170,12,6,Shane McClanahan,TB,171
171,12,7,Lawrence Butler,ATH,172
172,12,8,Nathan Eovaldi,TEX,173
173,12,9,Ian Happ,CHC,174
174,12,10,Francisco Alvarez,NYM,175
175,12,11,Jac Caglianone,KC,176
176,12,12,Royce Lewis,MIN,177
177,12,13,Addison Barger,TOR,178
178,12,14,Xavier Edwards,MIA,179
179,12,15,Tanner Bibee,CLE,180
180,13,1,Spencer Torkelson,DET,181
181,13,2,Jonathan Aranda,TB,182
182,13,3,Tatsuya Imai,HOU,183
183,13,4,Edward Cabrera,CHC,184
184,13,5,Brandon Lowe,PIT,185
185,13,6,Shota Imanaga,CHC,186
186,13,7,Marcus Semien,NYM,187
187,13,8,Blake Snell,LAD,188
188,13,9,Sal Stewart,CIN,189
189,13,10,Trey Yesavage,TOR,190
190,13,11,Kyle Teel,CWS,191
191,13,12,Willson Contreras,BOS,192
192,13,13,Jackson Holliday,BAL,193
193,13,14,Dylan Crews,WAS,194
194,13,15,Cade Horton,CHC,195
195,14,1,Griffin Jax,TB,196
196,14,2,Munetaka Murakami,CWS,197
197,14,3,Isaac Paredes,HOU,198
198,14,4,Christian Walker,HOU,199
199,14,5,Luis Castillo,SEA,200
200,14,6,Kerry Carpenter,DET,201
201,14,7,JJ Wetherholt,STL,202
202,14,8,Sal Frelick,MLW,203
203,14,9,Bryan Reynolds,PIT,204
204,14,10,Daulton Varsho,TOR,205
205,14,11,Kris Bubic,KC,206
206,14,12,Ryan Weathers,NYY,207
207,14,13,Gavin Williams,CLE,208
208,14,14,Seranthony Dominguez,CWS,209
209,14,15,Jorge Polanco,NYM,210
210,15,1,Bryan Abreu,HOU,211
211,15,2,Kazuma Okamoto,TOR,212
212,15,3,Ranger Suarez,BOS,213
213,15,4,Shane Baz,BAL,214
214,15,5,Jasson Dominguez,NYY,215
215,15,6,Abner Uribe,MLW,216
216,15,7,Aaron Nola,PHI,217
217,15,8,Joe Musgrove,SD,218
218,15,9,Xander Bogaerts,SD,219
219,15,10,Max Muncy,LAD,220
220,15,11,Robert Garcia,TEX,221
221,15,12,Jack Flaherty,DET,222
222,15,13,Ramon Laureano,SD,223
223,15,14,Otto Lopez,MIA,224
224,15,15,Colson Montgomery,CWS,225
225,16,1,Wilyer Abreu,BOS,226
226,16,2,Logan O`Hoppe,LAA,227
227,16,3,Carlos Rodon,NYY,228
228,16,4,J.T. Realmuto,PHI,229
229,16,5,Mickey Moniak,COL,230
230,16,6,Dillon Dingler,DET,231
231,16,7,Heliot Ramos,SF,232
232,16,8,Alec Bohm,PHI,233
233,16,9,Tyler Stephenson,CIN,234
234,16,10,Trent Grisham,NYY,235
235,16,11,Jose Caballero,NYY,236
236,16,12,Austin Wells,NYY,237
237,16,13,Kyle Manzardo,CLE,238
238,16,14,Matthew Boyd,CHC,239
239,16,15,Adolis Garcia,PHI,240
240,17,1,Luis Arraez,SF,241
241,17,2,Gleyber Torres,DET,242
242,17,3,Andrew Abbott,CIN,243
243,17,4,Caleb Durbin,BOS,244
244,17,5,Shane Smith,CWS,245
245,17,6,Spencer Steer,CIN,246
246,17,7,Luis Garcia Jr.,WAS,247
247,17,8,Jake Burger,TEX,248
248,17,9,Ryan Jeffers,MIN,249
249,17,10,Andrew Painter,PHI,250
250,17,11,Zac Gallen,ARZ,251
251,17,12,Carlos Correa,HOU,252
252,17,13,Jordan Beck,COL,253
253,17,14,Gerrit Cole,NYY,254
0,1,1,Shohei Ohtani,LAD,1
1,1,2,Aaron Judge,NYY,2
2,1,3,Bobby Witt Jr.,KC,3
3,1,4,Juan Soto,NYM,4
4,1,5,Jose Ramirez,CLE,5
5,1,6,Ronald Acuna Jr.,ATL,6
6,1,7,Tarik Skubal,DET,7
7,1,8,Elly De La Cruz,CIN,8
8,1,9,Garrett Crochet,BOS,9
9,1,10,Julio Rodriguez,SEA,10
10,1,11,Kyle Tucker,LAD,11
11,1,12,Paul Skenes,PIT,12
12,1,13,Fernando Tatis Jr.,SD,13
13,1,14,Gunnar Henderson,BAL,14
14,1,15,Corbin Carroll,ARZ,15
15,2,1,Vladimir Guerrero Jr.,TOR,16
16,2,2,Nick Kurtz,ATH,17
17,2,3,Jazz Chisholm Jr.,NYY,18
18,2,4,Junior Caminero,TB,19
19,2,5,Jackson Chourio,MLW,20
20,2,6,Cal Raleigh,SEA,21
21,2,7,Kyle Schwarber,PHI,22
22,2,8,Zach Neto,LAA,23
23,2,9,Trea Turner,PHI,24
24,2,10,Pete Alonso,BAL,25
25,2,11,Francisco Lindor,NYM,26
26,2,12,Mason Miller,SD,27
27,2,13,Yoshinobu Yamamoto,LAD,28
28,2,14,Cristopher Sanchez,PHI,29
29,2,15,Pete Crow-Armstrong,CHC,30
30,3,1,Manny Machado,SD,31
31,3,2,Cole Ragans,KC,32
32,3,3,Ketel Marte,ARZ,33
33,3,4,Hunter Brown,HOU,34
34,3,5,James Wood,WAS,35
35,3,6,Bryan Woo,SEA,36
36,3,7,Chris Sale,ATL,37
37,3,8,Logan Gilbert,SEA,38
38,3,9,Brent Rooker,ATH,39
39,3,10,Edwin Diaz,LAD,40
40,3,11,Hunter Greene,CIN,41
41,3,12,Wyatt Langford,TEX,42
42,3,13,Yordan Alvarez,HOU,43
43,3,14,Andres Munoz,SEA,44
44,3,15,Mookie Betts,LAD,45
45,4,1,Logan Webb,SF,46
46,4,2,Brice Turang,MLW,47
47,4,3,Jhoan Duran,PHI,48
48,4,4,Bryce Harper,PHI,49
49,4,5,Max Fried,NYY,50
50,4,6,Jacob deGrom,TEX,51
51,4,7,Shea Langeliers,ATH,52
52,4,8,Cade Smith,CLE,53
53,4,9,William Contreras,MLW,54
54,4,10,Ben Rice,NYY,55
55,4,11,George Kirby,SEA,56
56,4,12,CJ Abrams,WAS,57
57,4,13,Jackson Merrill,SD,58
58,4,14,Dylan Cease,TOR,59
59,4,15,Matt Olson,ATL,60
60,5,1,Roman Anthony,BOS,61
61,5,2,Hunter Goodman,COL,62
62,5,3,David Bednar,NYY,63
63,5,4,Aroldis Chapman,BOS,64
64,5,5,Kyle Bradish,BAL,65
65,5,6,Freddie Freeman,LAD,66
66,5,7,Rafael Devers,SF,67
67,5,8,Austin Riley,ATL,68
68,5,9,Geraldo Perdomo,ARZ,69
69,5,10,Josh Naylor,SEA,70
70,5,11,Maikel Garcia,KC,71
71,5,12,Devin Williams,NYM,72
72,5,13,Freddy Peralta,NYM,73
73,5,14,Riley Greene,DET,74
74,5,15,Jesus Luzardo,PHI,75
75,6,1,Raisel Iglesias,ATL,76
76,6,2,Cody Bellinger,NYY,77
77,6,3,Drake Baldwin,ATL,78
78,6,4,Jarren Duran,BOS,79
79,6,5,Framber Valdez,DET,80
80,6,6,Joe Ryan,MIN,81
81,6,7,Nolan McLean,NYM,82
82,6,8,Ryan Helsley,BAL,83
83,6,9,Josh Hader,HOU,84
84,6,10,Byron Buxton,MIN,85
85,6,11,Vinnie Pasquantino,KC,86
86,6,12,Tyler Soderstrom,ATH,87
87,6,13,Nick Pivetta,SD,88
88,6,14,Bo Bichette,NYM,89
89,6,15,Eury Perez,MIA,90
90,7,1,Pete Fairbanks,MIA,91
91,7,2,Corey Seager,TEX,92
92,7,3,Seiya Suzuki,CHC,93
93,7,4,Salvador Perez,KC,94
94,7,5,Jeremy Pena,HOU,95
95,7,6,Daniel Palencia,CHC,96
96,7,7,Jeff Hoffman,TOR,97
97,7,8,Oneil Cruz,PIT,98
98,7,9,Kenley Jansen,DET,99
99,7,10,Nico Hoerner,CHC,100
100,7,11,Agustin Ramirez,MIA,101
101,7,12,Will Smith,LAD,102
102,7,13,George Springer,TOR,103
103,7,14,Blake Snell,LAD,104
104,7,15,Chase Burns,CIN,105
105,8,1,Michael Harris II,ATL,106
106,8,2,Carlos Estevez,KC,107
107,8,3,Randy Arozarena,SEA,108
108,8,4,Trevor Story,BOS,109
109,8,5,Emilio Pagan,CIN,110
110,8,6,Jose Altuve,HOU,111
111,8,7,Jakob Marsee,MIA,112
112,8,8,Kevin Gausman,TOR,113
113,8,9,Sonny Gray,BOS,114
114,8,10,Willy Adames,SF,115
115,8,11,Konnor Griffin,PIT,116
116,8,12,Tyler Glasnow,LAD,117
117,8,13,Yainer Diaz,HOU,118
118,8,14,Jo Adell,LAA,119
119,8,15,Emmet Sheehan,LAD,120
120,9,1,Luke Keaschall,MIN,121
121,9,2,Abner Uribe,MLW,122
122,9,3,Spencer Strider,ATL,123
123,9,4,Ceddanne Rafaela,BOS,124
124,9,5,Nick Lodolo,CIN,125
125,9,6,Alex Bregman,CHC,126
126,9,7,Teoscar Hernandez,LAD,127
127,9,8,Michael Busch,CHC,128
128,9,9,Cam Schlittler,NYY,129
129,9,10,Christian Yelich,MLW,130
130,9,11,Eugenio Suarez,CIN,131
131,9,12,Drew Rasmussen,TB,132
132,9,13,Jacob Misiorowski,MLW,133
133,9,14,Nathan Eovaldi,TEX,134
134,9,15,Andy Pages,LAD,135
135,10,1,Kyle Stowers,MIA,136
136,10,2,Adley Rutschman,BAL,137
137,10,3,Ryan Pepiot,TB,138
138,10,4,Brandon Woodruff,MLW,139
139,10,5,Dansby Swanson,CHC,140
140,10,6,Michael King,SD,141
141,10,7,Noelvi Marte,CIN,142
142,10,8,Luis Robert Jr.,NYM,143
143,10,9,Yandy Diaz,TB,144
144,10,10,Zack Wheeler,PHI,145
145,10,11,Bubba Chandler,PIT,146
146,10,12,Brenton Doyle,COL,147
147,10,13,Gavin Williams,CLE,148
148,10,14,Bryson Stott,PHI,149
149,10,15,Luis Castillo,SEA,150
150,11,1,Jacob Wilson,ATH,151
151,11,2,Griffin Jax,TB,152
152,11,3,Willson Contreras,BOS,153
153,11,4,Brandon Nimmo,TEX,154
154,11,5,Taylor Ward,BAL,155
155,11,6,Sandy Alcantara,MIA,156
156,11,7,Matt Chapman,SF,157
157,11,8,Trevor Rogers,BAL,158
158,11,9,Trey Yesavage,TOR,159
159,11,10,Ryan Walker,SF,160
160,11,11,Shota Imanaga,CHC,161
161,11,12,Ozzie Albies,ATL,162
162,11,13,Trevor Megill,MLW,163
163,11,14,Xavier Edwards,MIA,164
164,11,15,Francisco Alvarez,NYM,165
165,12,1,Jackson Holliday,BAL,166
166,12,2,Dennis Santana,PIT,167
167,12,3,Brandon Lowe,PIT,168
168,12,4,Lawrence Butler,ATH,169
169,12,5,Seranthony Dominguez,CWS,170
170,12,6,Ian Happ,CHC,171
171,12,7,Bryan Abreu,HOU,172
172,12,8,Matt McLain,CIN,173
173,12,9,Alejandro Kirk,TOR,174
174,12,10,Robbie Ray,SF,175
175,12,11,Alec Burleson,STL,176
176,12,12,Royce Lewis,MIN,177
177,12,13,Munetaka Murakami,CWS,178
178,12,14,Ezequiel Tovar,COL,179
179,12,15,Carter Jensen,KC,180
180,13,1,Colson Montgomery,CWS,181
181,13,2,Matthew Boyd,CHC,182
182,13,3,Spencer Torkelson,DET,183
183,13,4,Samuel Basallo,BAL,184
184,13,5,Mike Trout,LAA,185
185,13,6,Gabriel Moreno,ARZ,186
186,13,7,Tanner Bibee,CLE,187
187,13,8,Kyle Teel,CWS,188
188,13,9,J.T. Realmuto,PHI,189
189,13,10,Christian Walker,HOU,190
190,13,11,Sal Stewart,CIN,191
191,13,12,MacKenzie Gore,TEX,192
192,13,13,Dylan Crews,WAS,193
193,13,14,Daylen Lile,WAS,194
194,13,15,Jac Caglianone,KC,195
195,14,1,Addison Barger,TOR,196
196,14,2,Zac Gallen,ARZ,197
197,14,3,Edward Cabrera,CHC,198
198,14,4,Aaron Nola,PHI,199
199,14,5,Steven Kwan,CLE,200
200,14,6,Jack Flaherty,DET,201
201,14,7,Cade Horton,CHC,202
202,14,8,Jonathan Aranda,TB,203
203,14,9,Gleyber Torres,DET,204
204,14,10,Daulton Varsho,TOR,205
205,14,11,Jorge Polanco,NYM,206
206,14,12,Ranger Suarez,BOS,207
207,14,13,Kevin McGonigle,DET,208
208,14,14,Ivan Herrera,STL,209
209,14,15,Chandler Simpson,TB,210
210,15,1,Kris Bubic,KC,211
211,15,2,Mike Burrows,HOU,212
212,15,3,Heliot Ramos,SF,213
213,15,4,Jose Caballero,NYY,214
214,15,5,Robert Garcia,TEX,215
215,15,6,Otto Lopez,MIA,216
216,15,7,Bryan Reynolds,PIT,217
217,15,8,Ramon Laureano,SD,218
218,15,9,Max Muncy,LAD,219
219,15,10,Caleb Durbin,BOS,220
220,15,11,Marcus Semien,NYM,221
221,15,12,Adolis Garcia,PHI,222
222,15,13,Robert Suarez,ATL,223
223,15,14,Andrew Abbott,CIN,224
224,15,15,Shane Baz,BAL,225
225,16,1,Isaac Paredes,HOU,226
226,16,2,Jordan Beck,COL,227
227,16,3,Jordan Westburg,BAL,228
228,16,4,Shane McClanahan,TB,229
229,16,5,Tatsuya Imai,HOU,230
230,16,6,Xander Bogaerts,SD,231
231,16,7,Jake Burger,TEX,232
232,16,8,Sal Frelick,MLW,233
233,16,9,Masyn Winn,STL,234
234,16,10,Riley O`Brien,STL,235
235,16,11,Bryce Miller,SEA,236
236,16,12,Kerry Carpenter,DET,237
237,16,13,Wilyer Abreu,BOS,238
238,16,14,Kyle Manzardo,CLE,239
239,16,15,Kazuma Okamoto,TOR,240
240,17,1,Logan O`Hoppe,LAA,241
241,17,2,Luis Arraez,SF,242
242,17,3,Joe Musgrove,SD,243
243,17,4,Luis Garcia Jr.,WAS,244
244,17,5,Trent Grisham,NYY,245
0,1,1,Aaron Judge,NYY,1
1,1,2,Shohei Ohtani,LAD,2
2,1,3,Juan Soto,NYM,3
3,1,4,Bobby Witt Jr.,KC,4
4,1,5,Jose Ramirez,CLE,5
5,1,6,Tarik Skubal,DET,6
6,1,7,Elly De La Cruz,CIN,7
7,1,8,Paul Skenes,PIT,8
8,1,9,Garrett Crochet,BOS,9
9,1,10,Ronald Acuna Jr.,ATL,10
10,1,11,Kyle Tucker,LAD,11
11,1,12,Julio Rodriguez,SEA,12
12,1,13,Fernando Tatis Jr.,SD,13
13,1,14,Gunnar Henderson,BAL,14
14,1,15,Junior Caminero,TB,15
15,2,1,Corbin Carroll,ARZ,16
16,2,2,Vladimir Guerrero Jr.,TOR,17
17,2,3,Jackson Chourio,MLW,18
18,2,4,Mason Miller,SD,19
19,2,5,Yoshinobu Yamamoto,LAD,20
20,2,6,Jazz Chisholm Jr.,NYY,21
21,2,7,Kyle Schwarber,PHI,22
22,2,8,Nick Kurtz,ATH,23
23,2,9,Cal Raleigh,SEA,24
24,2,10,Zach Neto,LAA,25
25,2,11,Pete Alonso,BAL,26
26,2,12,Cristopher Sanchez,PHI,27
27,2,13,Bryan Woo,SEA,28
28,2,14,Edwin Diaz,LAD,29
29,2,15,Trea Turner,PHI,30
30,3,1,Hunter Brown,HOU,31
31,3,2,Francisco Lindor,NYM,32
32,3,3,Manny Machado,SD,33
33,3,4,James Wood,WAS,34
34,3,5,Ketel Marte,ARZ,35
35,3,6,Wyatt Langford,TEX,36
36,3,7,Logan Gilbert,SEA,37
37,3,8,Logan Webb,SF,38
38,3,9,Andres Munoz,SEA,39
39,3,10,Cade Smith,CLE,40
40,3,11,Jhoan Duran,PHI,41
41,3,12,Yordan Alvarez,HOU,42
42,3,13,Chris Sale,ATL,43
43,3,14,Pete Crow-Armstrong,CHC,44
44,3,15,Bryce Harper,PHI,45
45,4,1,Hunter Greene,CIN,46
46,4,2,Brent Rooker,ATH,47
47,4,3,Cole Ragans,KC,48
48,4,4,Max Fried,NYY,49
49,4,5,Jacob deGrom,TEX,50
50,4,6,Roman Anthony,BOS,51
51,4,7,Matt Olson,ATL,52
52,4,8,Austin Riley,ATL,53
53,4,9,Devin Williams,NYM,54
54,4,10,Brice Turang,MLW,55
55,4,11,Mookie Betts,LAD,56
56,4,12,Rafael Devers,SF,57
57,4,13,Cody Bellinger,NYY,58
58,4,14,Josh Naylor,SEA,59
59,4,15,William Contreras,MLW,60
60,5,1,Joe Ryan,MIN,61
61,5,2,Eury Perez,MIA,62
62,5,3,Freddy Peralta,NYM,63
63,5,4,Ben Rice,NYY,64
64,5,5,George Kirby,SEA,65
65,5,6,Riley Greene,DET,66
66,5,7,Jackson Merrill,SD,67
67,5,8,Shea Langeliers,ATH,68
68,5,9,Freddie Freeman,LAD,69
69,5,10,Hunter Goodman,COL,70
70,5,11,Jarren Duran,BOS,71
71,5,12,Maikel Garcia,KC,72
72,5,13,Aroldis Chapman,BOS,73
73,5,14,Oneil Cruz,PIT,74
74,5,15,David Bednar,NYY,75
75,6,1,CJ Abrams,WAS,76
76,6,2,Dylan Cease,TOR,77
77,6,3,Tyler Soderstrom,ATH,78
78,6,4,Jesus Luzardo,PHI,79
79,6,5,Vinnie Pasquantino,KC,80
80,6,6,Kyle Bradish,BAL,81
81,6,7,Framber Valdez,DET,82
82,6,8,Nolan McLean,NYM,83
83,6,9,Nick Pivetta,SD,84
84,6,10,Randy Arozarena,SEA,85
85,6,11,Seiya Suzuki,CHC,86
86,6,12,Carlos Estevez,KC,87
87,6,13,Michael Busch,CHC,88
88,6,14,Byron Buxton,MIN,89
89,6,15,Drake Baldwin,ATL,90
90,7,1,Raisel Iglesias,ATL,91
91,7,2,Ryan Helsley,BAL,92
92,7,3,Pete Fairbanks,MIA,93
93,7,4,Kevin Gausman,TOR,94
94,7,5,Bo Bichette,NYM,95
95,7,6,Geraldo Perdomo,ARZ,96
96,7,7,George Springer,TOR,97
97,7,8,Jeremy Pena,HOU,98
98,7,9,Nico Hoerner,CHC,99
99,7,10,Chase Burns,CIN,100
100,7,11,Corey Seager,TEX,101
101,7,12,Daniel Palencia,CHC,102
102,7,13,Eugenio Suarez,CIN,103
103,7,14,Spencer Strider,ATL,104
104,7,15,Salvador Perez,KC,105
105,8,1,Emmet Sheehan,LAD,106
106,8,2,Agustin Ramirez,MIA,107
107,8,3,Zack Wheeler,PHI,108
108,8,4,Nick Lodolo,CIN,109
109,8,5,Jeff Hoffman,TOR,110
110,8,6,Christian Yelich,MLW,111
111,8,7,Yainer Diaz,HOU,112
112,8,8,Luis Robert Jr.,NYM,113
113,8,9,Yandy Diaz,TB,114
114,8,10,Alex Bregman,CHC,115
115,8,11,Teoscar Hernandez,LAD,116
116,8,12,Michael Harris II,ATL,117
117,8,13,Will Smith,LAD,118
118,8,14,Ceddanne Rafaela,BOS,119
119,8,15,Ryan Pepiot,TB,120
120,9,1,Willy Adames,SF,121
121,9,2,Jo Adell,LAA,122
122,9,3,Jose Altuve,HOU,123
123,9,4,Andy Pages,LAD,124
124,9,5,Emilio Pagan,CIN,125
125,9,6,Jacob Misiorowski,MLW,126
126,9,7,Griffin Jax,TB,127
127,9,8,Josh Hader,HOU,128
128,9,9,Blake Snell,LAD,129
129,9,10,Brandon Woodruff,MLW,130
130,9,11,Drew Rasmussen,TB,131
131,9,12,Kyle Stowers,MIA,132
132,9,13,Jakob Marsee,MIA,133
133,9,14,Luke Keaschall,MIN,134
134,9,15,Sonny Gray,BOS,135
135,10,1,Michael King,SD,136
136,10,2,Trevor Story,BOS,137
137,10,3,Trevor Megill,MLW,138
138,10,4,Dansby Swanson,CHC,139
139,10,5,Sandy Alcantara,MIA,140
140,10,6,Brandon Nimmo,TEX,141
141,10,7,Brandon Lowe,PIT,142
142,10,8,Mike Trout,LAA,143
143,10,9,Nathan Eovaldi,TEX,144
144,10,10,Dennis Santana,PIT,145
145,10,11,Taylor Ward,BAL,146
146,10,12,Lawrence Butler,ATH,147
147,10,13,Jac Caglianone,KC,148
148,10,14,Tyler Glasnow,LAD,149
149,10,15,Cam Schlittler,NYY,150
150,11,1,Luis Castillo,SEA,151
151,11,2,Gavin Williams,CLE,152
152,11,3,Tatsuya Imai,HOU,153
153,11,4,Edward Cabrera,CHC,154
154,11,5,Bubba Chandler,PIT,155
155,11,6,Alec Burleson,STL,156
156,11,7,Matt Chapman,SF,157
157,11,8,Adley Rutschman,BAL,158
158,11,9,Konnor Griffin,PIT,159
159,11,10,Noelvi Marte,CIN,160
160,11,11,Brenton Doyle,COL,161
161,11,12,Dylan Crews,WAS,162
162,11,13,Samuel Basallo,BAL,163
163,11,14,Kenley Jansen,DET,164
164,11,15,Bryson Stott,PHI,165
165,12,1,Steven Kwan,CLE,166
166,12,2,Tanner Bibee,CLE,167
167,12,3,Carter Jensen,KC,168
168,12,4,Willson Contreras,BOS,169
169,12,5,Shota Imanaga,CHC,170
170,12,6,Chandler Simpson,TB,171
171,12,7,Ian Happ,CHC,172
172,12,8,Ryan Walker,SF,173
173,12,9,Alejandro Kirk,TOR,174
174,12,10,MacKenzie Gore,TEX,175
175,12,11,Trevor Rogers,BAL,176
176,12,12,Jonathan Aranda,TB,177
177,12,13,Gabriel Moreno,ARZ,178
178,12,14,Cade Horton,CHC,179
179,12,15,Christian Walker,HOU,180
180,13,1,Sal Stewart,CIN,181
181,13,2,Kyle Teel,CWS,182
182,13,3,Jacob Wilson,ATH,183
183,13,4,Addison Barger,TOR,184
184,13,5,Francisco Alvarez,NYM,185
185,13,6,Bryan Reynolds,PIT,186
186,13,7,Spencer Torkelson,DET,187
187,13,8,Jackson Holliday,BAL,188
188,13,9,Trey Yesavage,TOR,189
189,13,10,Kris Bubic,KC,190
190,13,11,Royce Lewis,MIN,191
191,13,12,Matt McLain,CIN,192
192,13,13,Robbie Ray,SF,193
193,13,14,Abner Uribe,MLW,194
194,13,15,Seranthony Dominguez,CWS,195
195,14,1,Ozzie Albies,ATL,196
196,14,2,Kazuma Okamoto,TOR,197
197,14,3,JJ Wetherholt,STL,198
198,14,4,Caleb Durbin,BOS,199
199,14,5,Ivan Herrera,STL,200
200,14,6,Daylen Lile,WAS,201
201,14,7,Xavier Edwards,MIA,202
202,14,8,Shane Baz,BAL,203
203,14,9,Heliot Ramos,SF,204
204,14,10,Alec Bohm,PHI,205
205,14,11,Ranger Suarez,BOS,206
206,14,12,Andrew Abbott,CIN,207
207,14,13,Bryan Abreu,HOU,208
208,14,14,Daulton Varsho,TOR,209
209,14,15,Adolis Garcia,PHI,210
210,15,1,Jose Caballero,NYY,211
211,15,2,Jorge Polanco,NYM,212
212,15,3,Chase DeLauter,CLE,213
213,15,4,Otto Lopez,MIA,214
214,15,5,Sal Frelick,MLW,215
215,15,6,J.T. Realmuto,PHI,216
216,15,7,Aaron Nola,PHI,217
217,15,8,Carlos Rodon,NYY,218
218,15,9,Zac Gallen,ARZ,219
219,15,10,Shane McClanahan,TB,220
220,15,11,Austin Wells,NYY,221
221,15,12,Ezequiel Tovar,COL,222
222,15,13,Colson Montgomery,CWS,223
223,15,14,Munetaka Murakami,CWS,224
224,15,15,Joe Musgrove,SD,225
225,16,1,Ramon Laureano,SD,226
226,16,2,Wilyer Abreu,BOS,227
227,16,3,Kevin McGonigle,DET,228
228,16,4,Tyler Stephenson,CIN,229
229,16,5,Max Muncy,LAD,230
230,16,6,Kyle Manzardo,CLE,231
231,16,7,Isaac Paredes,HOU,232
232,16,8,Robert Suarez,ATL,233
233,16,9,Luis Garcia Jr.,WAS,234
234,16,10,Kerry Carpenter,DET,235
235,16,11,Xander Bogaerts,SD,236
236,16,12,Robert Garcia,TEX,237
237,16,13,Ryan Weathers,NYY,238
238,16,14,Matthew Boyd,CHC,239
239,16,15,Colton Cowser,BAL,240
240,17,1,Marcus Semien,NYM,241
241,17,2,Dillon Dingler,DET,242
242,17,3,Taylor Rogers,MIN,243
243,17,4,Evan Carter,TEX,244
244,17,5,Riley O`Brien,STL,245
245,17,6,Logan Henderson,MLW,246
246,17,7,Jordan Beck,COL,247
247,17,8,Mickey Moniak,COL,248
248,17,9,Victor Scott II,STL,249
249,17,10,Carlos Correa,HOU,250
250,17,11,Brett Baty,NYM,251
251,17,12,Ryne Nelson,ARZ,252
252,17,13,Spencer Steer,CIN,253
253,17,14,Jack Flaherty,DET,254
254,17,15,Ryan Jeffers,MIN,255
255,18,1,Jake Burger,TEX,256
256,18,2,Justin Crawford,PHI,257
257,18,3,Gleyber Torres,DET,258
258,18,4,Grayson Rodriguez,LAA,259
259,18,5,TJ Friedl,CIN,260
260,18,6,Trent Grisham,NYY,261
261,18,7,Carson Benge,NYM,262
262,18,8,Kodai Senga,NYM,263
263,18,9,Merrill Kelly,ARZ,264
264,18,10,Andrew Vaughn,MLW,265
265,18,11,Joey Cantillo,CLE,266
266,18,12,Jared Triolo,PIT,267
267,18,13,Andres Gimenez,TOR,268
268,18,14,Luis Arraez,SF,269
269,18,15,Miguel Vargas,CWS,270
270,19,1,Josh Lowe,LAA,271
271,19,2,Jack Leiter,TEX,272
272,19,3,Colt Keith,DET,273
273,19,4,Gerrit Cole,NYY,274
274,19,5,Braxton Ashcraft,PIT,275
275,19,6,Carlos Narvaez,BOS,276
276,19,7,Brendan Donovan,SEA,277
277,19,8,Nolan Gorman,STL,278
0,1,1,Shohei Ohtani,LAD,1
1,1,2,Aaron Judge,NYY,2
2,1,3,Bobby Witt Jr.,KC,3
3,1,4,Tarik Skubal,DET,4
4,1,5,Jose Ramirez,CLE,5
5,1,6,Juan Soto,NYM,6
6,1,7,Ronald Acuna Jr.,ATL,7
7,1,8,Paul Skenes,PIT,8
8,1,9,Elly De La Cruz,CIN,9
9,1,10,Julio Rodriguez,SEA,10
10,1,11,Fernando Tatis Jr.,SD,11
11,1,12,Garrett Crochet,BOS,12
12,1,13,Gunnar Henderson,BAL,13
13,1,14,Vladimir Guerrero Jr.,TOR,14
14,1,15,Kyle Tucker,LAD,15
15,2,1,Jazz Chisholm Jr.,NYY,16
16,2,2,Jackson Chourio,MLW,17
17,2,3,Junior Caminero,TB,18
18,2,4,Corbin Carroll,ARZ,19
19,2,5,Edwin Diaz,LAD,20
20,2,6,Cal Raleigh,SEA,21
21,2,7,Cristopher Sanchez,PHI,22
22,2,8,Francisco Lindor,NYM,23
23,2,9,Kyle Schwarber,PHI,24
24,2,10,Trea Turner,PHI,25
25,2,11,Mason Miller,SD,26
26,2,12,Pete Crow-Armstrong,CHC,27
27,2,13,Yordan Alvarez,HOU,28
28,2,14,Yoshinobu Yamamoto,LAD,29
29,2,15,Nick Kurtz,ATH,30
30,3,1,Hunter Brown,HOU,31
31,3,2,Pete Alonso,BAL,32
32,3,3,Ketel Marte,ARZ,33
33,3,4,Manny Machado,SD,34
34,3,5,Cade Smith,CLE,35
35,3,6,Jhoan Duran,PHI,36
36,3,7,Andres Munoz,SEA,37
37,3,8,Bryan Woo,SEA,38
38,3,9,Logan Gilbert,SEA,39
39,3,10,Chris Sale,ATL,40
40,3,11,William Contreras,MLW,41
41,3,12,Zach Neto,LAA,42
42,3,13,David Bednar,NYY,43
43,3,14,Cole Ragans,KC,44
44,3,15,Devin Williams,NYM,45
45,4,1,Brent Rooker,ATH,46
46,4,2,James Wood,WAS,47
47,4,3,Max Fried,NYY,48
48,4,4,Ben Rice,NYY,49
49,4,5,Freddy Peralta,NYM,50
50,4,6,Logan Webb,SF,51
51,4,7,Austin Riley,ATL,52
52,4,8,Wyatt Langford,TEX,53
53,4,9,Hunter Greene,CIN,54
54,4,10,Jacob deGrom,TEX,55
55,4,11,Shea Langeliers,ATH,56
56,4,12,Roman Anthony,BOS,57
57,4,13,Bryce Harper,PHI,58
58,4,14,Drake Baldwin,ATL,59
59,4,15,Mookie Betts,LAD,60
60,5,1,George Kirby,SEA,61
61,5,2,Will Smith,LAD,62
62,5,3,Aroldis Chapman,BOS,63
63,5,4,Dylan Cease,TOR,64
64,5,5,Hunter Goodman,COL,65
65,5,6,Joe Ryan,MIN,66
66,5,7,CJ Abrams,WAS,67
67,5,8,Riley Greene,DET,68
68,5,9,Matt Olson,ATL,69
69,5,10,Freddie Freeman,LAD,70
70,5,11,Brice Turang,MLW,71
71,5,12,Vinnie Pasquantino,KC,72
72,5,13,Jesus Luzardo,PHI,73
73,5,14,Eury Perez,MIA,74
74,5,15,Kyle Bradish,BAL,75
75,6,1,Framber Valdez,DET,76
76,6,2,Rafael Devers,SF,77
77,6,3,Jarren Duran,BOS,78
78,6,4,Jackson Merrill,SD,79
79,6,5,Geraldo Perdomo,ARZ,80
80,6,6,Maikel Garcia,KC,81
81,6,7,Byron Buxton,MIN,82
82,6,8,Salvador Perez,KC,83
83,6,9,Nick Pivetta,SD,84
84,6,10,Agustin Ramirez,MIA,85
85,6,11,Josh Naylor,SEA,86
86,6,12,Raisel Iglesias,ATL,87
87,6,13,Tyler Glasnow,LAD,88
88,6,14,Nolan McLean,NYM,89
89,6,15,Ryan Helsley,BAL,90
90,7,1,Cody Bellinger,NYY,91
91,7,2,Alex Bregman,CHC,92
92,7,3,Seiya Suzuki,CHC,93
93,7,4,Jeremy Pena,HOU,94
94,7,5,Nico Hoerner,CHC,95
95,7,6,Randy Arozarena,SEA,96
96,7,7,Tyler Soderstrom,ATH,97
97,7,8,Jeff Hoffman,TOR,98
98,7,9,George Springer,TOR,99
99,7,10,Michael Harris II,ATL,100
100,7,11,Spencer Strider,ATL,101
101,7,12,Josh Hader,HOU,102
102,7,13,Kevin Gausman,TOR,103
103,7,14,Bo Bichette,NYM,104
104,7,15,Michael Busch,CHC,105
105,8,1,Nick Lodolo,CIN,106
106,8,2,Luis Robert Jr.,NYM,107
107,8,3,Eugenio Suarez,CIN,108
108,8,4,Luis Castillo,SEA,109
109,8,5,Pete Fairbanks,MIA,110
110,8,6,Chase Burns,CIN,111
111,8,7,Emmet Sheehan,LAD,112
112,8,8,Yandy Diaz,TB,113
113,8,9,Yainer Diaz,HOU,114
114,8,10,Corey Seager,TEX,115
115,8,11,Christian Yelich,MLW,116
116,8,12,Oneil Cruz,PIT,117
117,8,13,Emilio Pagan,CIN,118
118,8,14,Jacob Misiorowski,MLW,119
119,8,15,Trevor Story,BOS,120
120,9,1,Daniel Palencia,CHC,121
121,9,2,Bubba Chandler,PIT,122
122,9,3,Ryan Pepiot,TB,123
123,9,4,Cam Schlittler,NYY,124
124,9,5,Willy Adames,SF,125
125,9,6,Sonny Gray,BOS,126
126,9,7,Ceddanne Rafaela,BOS,127
127,9,8,Jakob Marsee,MIA,128
128,9,9,Teoscar Hernandez,LAD,129
129,9,10,Ryan Walker,SF,130
130,9,11,Brandon Woodruff,MLW,131
131,9,12,Alec Burleson,STL,132
132,9,13,Drew Rasmussen,TB,133
133,9,14,Konnor Griffin,PIT,134
134,9,15,Adley Rutschman,BAL,135
135,10,1,Samuel Basallo,BAL,136
136,10,2,Griffin Jax,TB,137
137,10,3,Jo Adell,LAA,138
138,10,4,Zack Wheeler,PHI,139
139,10,5,Noelvi Marte,CIN,140
140,10,6,Abner Uribe,MLW,141
141,10,7,Carlos Estevez,KC,142
142,10,8,Matt Chapman,SF,143
143,10,9,Taylor Ward,BAL,144
144,10,10,Kenley Jansen,DET,145
145,10,11,Jose Altuve,HOU,146
146,10,12,Luke Keaschall,MIN,147
147,10,13,Michael King,SD,148
148,10,14,Dansby Swanson,CHC,149
149,10,15,Ozzie Albies,ATL,150
150,11,1,Blake Snell,LAD,151
151,11,2,Xavier Edwards,MIA,152
152,11,3,Trey Yesavage,TOR,153
153,11,4,Andy Pages,LAD,154
154,11,5,Sandy Alcantara,MIA,155
155,11,6,Ian Happ,CHC,156
156,11,7,Chandler Simpson,TB,157
157,11,8,Nathan Eovaldi,TEX,158
158,11,9,Shota Imanaga,CHC,159
159,11,10,Alejandro Kirk,TOR,160
160,11,11,Jackson Holliday,BAL,161
161,11,12,Carter Jensen,KC,162
162,11,13,Dennis Santana,PIT,163
163,11,14,Gabriel Moreno,ARZ,164
164,11,15,Jacob Wilson,ATH,165
165,12,1,MacKenzie Gore,TEX,166
166,12,2,Francisco Alvarez,NYM,167
167,12,3,Dylan Crews,WAS,168
168,12,4,Shane Baz,BAL,169
169,12,5,Kyle Stowers,MIA,170
170,12,6,Ezequiel Tovar,COL,171
171,12,7,Kyle Teel,CWS,172
172,12,8,Robbie Ray,SF,173
173,12,9,Jonathan Aranda,TB,174
174,12,10,Edward Cabrera,CHC,175
175,12,11,Brandon Nimmo,TEX,176
176,12,12,J.T. Realmuto,PHI,177
177,12,13,Austin Wells,NYY,178
178,12,14,Masyn Winn,STL,179
179,12,15,Lawrence Butler,ATH,180
180,13,1,Steven Kwan,CLE,181
181,13,2,Carlos Correa,HOU,182
182,13,3,Brenton Doyle,COL,183
183,13,4,Gavin Williams,CLE,184
184,13,5,Trevor Rogers,BAL,185
185,13,6,Willson Contreras,BOS,186
186,13,7,Sal Stewart,CIN,187
187,13,8,Trevor Megill,MLW,188
188,13,9,Jack Flaherty,DET,189
189,13,10,Tanner Bibee,CLE,190
190,13,11,Spencer Torkelson,DET,191
191,13,12,Brendan Donovan,SEA,192
192,13,13,Ivan Herrera,STL,193
193,13,14,Tatsuya Imai,HOU,194
194,13,15,Seranthony Dominguez,CWS,195
195,14,1,Isaac Paredes,HOU,196
196,14,2,Munetaka Murakami,CWS,197
197,14,3,Matt McLain,CIN,198
198,14,4,Kazuma Okamoto,TOR,199
199,14,5,Sal Frelick,MLW,200
200,14,6,Gleyber Torres,DET,201
201,14,7,Joe Musgrove,SD,202
202,14,8,Bryson Stott,PHI,203
203,14,9,Ranger Suarez,BOS,204
204,14,10,Addison Barger,TOR,205
205,14,11,Cade Horton,CHC,206
206,14,12,Christian Walker,HOU,207
207,14,13,Carlos Rodon,NYY,208
208,14,14,Mike Trout,LAA,209
209,14,15,Bryan Reynolds,PIT,210
210,15,1,Aaron Nola,PHI,211
211,15,2,Bryan Abreu,HOU,212
212,15,3,Royce Lewis,MIN,213
213,15,4,Kris Bubic,KC,214
214,15,5,Brandon Lowe,PIT,215
215,15,6,Otto Lopez,MIA,216
216,15,7,Caleb Durbin,BOS,217
217,15,8,Heliot Ramos,SF,218
218,15,9,Jac Caglianone,KC,219
219,15,10,Adolis Garcia,PHI,220
220,15,11,Logan O`Hoppe,LAA,221
221,15,12,Robert Garcia,TEX,222
222,15,13,Shane McClanahan,TB,223
223,15,14,Wilyer Abreu,BOS,224
224,15,15,Daylen Lile,WAS,225
225,16,1,Zac Gallen,ARZ,226
226,16,2,Jorge Polanco,NYM,227
227,16,3,Ryan Jeffers,MIN,228
228,16,4,Carson Benge,NYM,229
229,16,5,Alec Bohm,PHI,230
230,16,6,Xander Bogaerts,SD,231
231,16,7,Jordan Beck,COL,232
232,16,8,Ramon Laureano,SD,233
233,16,9,Andrew Abbott,CIN,234
234,16,10,Daulton Varsho,TOR,235
235,16,11,Justin Crawford,PHI,236
236,16,12,Colson Montgomery,CWS,237
237,16,13,Dillon Dingler,DET,238
238,16,14,Kerry Carpenter,DET,239
239,16,15,Max Muncy,LAD,240
240,17,1,Colton Cowser,BAL,241
241,17,2,Robert Suarez,ATL,242
242,17,3,Kevin McGonigle,DET,243
243,17,4,Jake Burger,TEX,244
244,17,5,Luis Arraez,SF,245
245,17,6,Tyler Stephenson,CIN,246
246,17,7,Matthew Boyd,CHC,247
247,17,8,Luis Garcia Jr.,WAS,248
248,17,9,JJ Wetherholt,STL,249
249,17,10,Jung Hoo Lee,SF,250
250,17,11,Andrew Vaughn,MLW,251
251,17,12,Willi Castro,COL,252
252,17,13,Kyle Manzardo,CLE,253
253,17,14,Ryan Weathers,NYY,254
254,17,15,Evan Carter,TEX,255
255,18,1,Ryan O`Hearn,PIT,256
256,18,2,Mike Burrows,HOU,257
257,18,3,Jack Leiter,TEX,258
258,18,4,Grayson Rodriguez,LAA,259
259,18,5,Shane Smith,CWS,260
260,18,6,Mickey Moniak,COL,261
261,18,7,Logan Henderson,MLW,262
262,18,8,Spencer Steer,CIN,263
263,18,9,Riley O`Brien,STL,264
264,18,10,Merrill Kelly,ARZ,265
265,18,11,Trent Grisham,NYY,266
266,18,12,Joey Cantillo,CLE,267
267,18,13,TJ Friedl,CIN,268
268,18,14,Matt Shaw,CHC,269
269,18,15,Marcelo Mayer,BOS,270
270,19,1,Bryce Miller,SEA,271
271,19,2,Jose Caballero,NYY,272
272,19,3,Giancarlo Stanton,NYY,273
273,19,4,Carlos Narvaez,BOS,274
274,19,5,Noah Cameron,KC,275
275,19,6,Connelly Early,BOS,276
276,19,7,Carson Kelly,CHC,277
277,19,8,Sean Manaea,NYM,278
278,19,9,Marcus Semien,NYM,279
279,19,10,Reid Detmers,LAA,280
280,19,11,Braxton Ashcraft,PIT,281
281,19,12,Victor Vodnik,COL,282
282,19,13,Ryne Nelson,ARZ,283
283,19,14,Clayton Beeter,WAS,284
284,19,15,Miguel Vargas,CWS,285
285,20,1,Chase Meidroth,CWS,286
286,20,2,Cedric Mullins,TB,287
287,20,3,Kodai Senga,NYM,288
288,20,4,Mick Abel,MIN,289
289,20,5,Ryan Waldschmidt,ARZ,290
290,20,6,Jose Soriano,LAA,291
291,20,7,Kirby Yates,LAA,292
292,20,8,Bailey Ober,MIN,293
293,20,9,Casey Mize,DET,294
294,20,10,Cade Cavalli,WAS,295
295,20,11,Cody Ponce,TOR,296
296,20,12,Jeremiah Estrada,SD,297
297,20,13,Zach Eflin,BAL,298
298,20,14,Josh Lowe,LAA,299
299,20,15,Kyle Harrison,MLW,300
300,21,1,Jordan Lawlar,ARZ,301
301,21,2,Gerrit Cole,NYY,302
302,21,3,Reynaldo Lopez,ATL,303
303,21,4,Bryce Eldridge,SF,304
0,1,1,Shohei Ohtani,LAD,1
1,1,2,Aaron Judge,NYY,2
2,1,3,Bobby Witt Jr.,KC,3
3,1,4,Juan Soto,NYM,4
4,1,5,Jose Ramirez,CLE,5
5,1,6,Ronald Acuna Jr.,ATL,6
